player_id,player_name,total_pitches,swings,hits,oppo_fb%,ba,iso,babip,slg,xwoba,launch_speed,launch_angle,spin_rate,velocity,effective_speed
660636,"Castillo, Diego A.",2,1,0,50,0.000,0.000,0.000,0.000,0.055,92.5,36,2269,92.9,93
621311,"Dahl, David",31,3,1,9.7,0.333,1.000,0.000,1.333,0.633,98.7,34,1617,88.8,87.53
670128,"Kohlwey, Taylor",46,3,0,6.5,0.000,0.000,0.000,0.000,0.051,90.6,37,2173,87.6,87.53
602074,"Daza, Yonathan",275,12,1,4.4,0.091,0.000,0.083,0.091,0.125,83.7,36.2,2192,90.2,90.73
656495,"Guthrie, Dalton",113,5,0,4.4,0.000,0.000,0.000,0.000,0.127,91,38.4,2236,89,89.64
664057,"Stevenson, Andrew",116,5,0,4.3,0.000,0.000,0.000,0.000,0.034,83.2,43.4,2246,82.8,82.5
592325,"Gamel, Ben",49,2,0,4.1,0.000,0.000,0.000,0.000,0.024,87.2,43,2355,86.1,86.65
691718,"Crow-Armstrong, Pete",73,3,0,4.1,0.000,0.000,0.000,0.000,0.441,84.9,34.7,1904,81.7,82.47
501303,"Adrianza, Ehire",53,2,0,3.8,0.000,0.000,0.000,0.000,0.025,86.9,47,2147,86.1,86.9
677588,"Tena, José",158,6,2,3.8,0.333,0.333,0.333,0.667,0.303,90.8,39.5,2333,86.8,87.43
663967,"Salazar, César",82,3,0,3.7,0.000,0.000,0.000,0.000,0.029,86.9,44.3,2069,78.5,78.1
593643,"Alberto, Hanser",273,10,1,3.7,0.111,0.111,0.100,0.222,0.174,84.9,42.3,2222,86.1,86.21
676070,"Amaya, Jacob",28,1,0,3.6,0.000,0.000,0.000,0.000,0.294,95.9,33,1328,86.8,87.8
676632,"Madris, Bligh",117,4,0,3.4,0.000,0.000,0.000,0.000,0.019,87.8,46,2236,94.2,94.28
671732,"Butler, Lawrence",500,17,1,3.4,0.063,0.000,0.059,0.063,0.214,87.5,40.6,2248,91.5,92.08
675656,"Smith, Kevin",519,16,1,3.1,0.063,0.000,0.063,0.063,0.24,89.5,40.6,2372,89.6,89.61
663527,"Nevin, Tyler",464,14,2,3,0.154,0.308,0.077,0.462,0.249,92.6,40.2,2214,90.6,90.73
595909,"Cave, Jake",813,24,1,3,0.043,0.043,0.042,0.087,0.075,90.2,41.5,2226,88.9,88.59
600303,"La Stella, Tommy",104,3,1,2.9,0.333,0.000,0.333,0.333,0.224,84.2,33,2161,90.6,91.03
624503,"Gordon, Nick",309,9,0,2.9,0.000,0.000,0.000,0.000,0.077,90.3,40.4,2020,89.2,89.32
677941,"Adams, Jordyn",138,4,0,2.9,0.000,0.000,0.000,0.000,0.106,91.8,39,2156,92.6,93.58
673237,"Diaz, Yainer",1298,36,9,2.8,0.250,0.639,0.069,0.889,0.385,92.6,38.6,2247,89.5,89.58
668952,"Kreidler, Ryan",72,2,0,2.8,0.000,0.000,0.000,0.000,0.011,87.4,49.5,2292,95.1,94.1
670541,"Alvarez, Yordan",1908,54,10,2.8,0.189,0.283,0.137,0.472,0.299,91.8,40.9,2239,91,90.98
640458,"Mercado, Óscar",112,3,0,2.7,0.000,0.000,0.000,0.000,0.015,92.1,44,2227,92.6,92.37
676369,"Velázquez, Nelson",704,19,6,2.7,0.333,0.667,0.133,1.000,0.436,92.7,40.9,2290,92,92.35
680911,"Miller, Owen",1192,32,3,2.7,0.097,0.032,0.094,0.129,0.171,85.2,40.8,2317,90,90.38
669224,"Wells, Austin",296,8,1,2.7,0.125,0.375,0.000,0.500,0.183,89.7,42.3,2250,89.5,89.89
488726,"Brantley, Michael",220,6,0,2.7,0.000,0.000,0.000,0.000,0.08,86.9,40,2311,94.1,94.5
663630,"McKenna, Ryan",515,14,1,2.7,0.083,0.250,0.000,0.333,0.227,92.1,38.4,2293,92.6,93.41
660634,"Hernández, Yonny",111,3,0,2.7,0.000,0.000,0.000,0.000,0.115,89.5,35.7,2265,95.8,96.2
664770,"Lukes, Nathan",112,3,0,2.7,0.000,0.000,0.000,0.000,0.012,88.2,46.7,1978,88.4,87.7
666149,"Fitzgerald, Tyler",147,4,1,2.7,0.250,0.000,0.250,0.250,0.197,83.4,43.3,2351,86.7,87.33
687401,"Ortiz, Joey",112,3,0,2.7,0.000,0.000,0.000,0.000,0.508,90.7,24.7,2292,89.8,89.83
672779,"Marcano, Tucupita",731,19,3,2.6,0.158,0.105,0.158,0.263,0.182,88.1,40.2,2274,90.5,91
553882,"Narváez, Omar",576,15,1,2.6,0.067,0.000,0.067,0.067,0.239,85.1,38.3,2147,88.8,88.87
643289,"Dubón, Mauricio",1671,44,5,2.6,0.119,0.095,0.093,0.214,0.188,82.6,39.6,2309,90.2,90.07
677951,"Witt Jr., Bobby",2701,71,12,2.6,0.176,0.162,0.169,0.338,0.242,88.1,40,2289,90.7,91.25
686527,"Canzone, Dominic",605,16,3,2.6,0.188,0.188,0.188,0.375,0.248,91.5,43.1,2145,88.8,88.9
650333,"Arraez, Luis",2161,56,6,2.6,0.109,0.091,0.091,0.200,0.158,86.4,36.7,2244,89.5,89.61
676475,"Burleson, Alec",1238,32,3,2.6,0.097,0.161,0.065,0.258,0.197,90.6,39.7,2259,89.6,90.07
457759,"Turner, Justin",2670,66,7,2.5,0.113,0.145,0.078,0.258,0.162,89,39.4,2355,91.5,91.64
672820,"Sosa, Lenyn",628,16,4,2.5,0.250,0.563,0.077,0.813,0.318,90.3,37.9,2325,89.7,90.14
570482,"Urshela, Gio",881,22,2,2.5,0.091,0.045,0.091,0.136,0.217,87.9,38.4,2367,88.1,88.31
686531,"Lipcius, Andre",163,4,0,2.5,0.000,0.000,0.000,0.000,0.087,91.6,42.8,2324,94.9,95.08
666152,"Hamilton, David",160,4,1,2.5,0.250,0.250,0.250,0.500,0.08,90.4,38.8,2291,91.4,92.33
663647,"Hayes, Ke'Bryan",1929,48,8,2.5,0.170,0.319,0.111,0.489,0.29,91.2,37.1,2231,90.5,90.82
621512,"Nido, Tomás",198,5,0,2.5,0.000,0.000,0.000,0.000,0.047,89.4,45,2479,89.1,89.18
671083,"Kennedy, Buddy",120,3,0,2.5,0.000,0.000,0.000,0.000,0.044,86.7,41.7,2101,88.5,89.03
640457,"Meadows, Austin",79,2,0,2.5,0.000,0.000,0.000,0.000,0.126,91.8,39,2186,92.1,92.3
543228,"Gomes, Yan",1586,39,5,2.5,0.139,0.083,0.128,0.222,0.24,89,36.9,2225,90.4,90.86
665833,"Cruz, Oneil",162,4,1,2.5,0.333,0.000,0.250,0.333,0.188,90.1,41,2288,92.3,92.18
650402,"Torres, Gleyber",2647,67,8,2.5,0.121,0.364,0.000,0.485,0.256,91,38.6,2252,90.2,90.62
607732,"Stallings, Jacob",1084,27,2,2.5,0.080,0.080,0.074,0.160,0.115,89.6,39.9,2431,90,90.2
650907,"Pinto, René",398,10,2,2.5,0.200,0.100,0.200,0.300,0.368,87.9,37.2,2233,87.6,87.66
605612,"Castro, Harold",994,25,0,2.5,0.000,0.000,0.000,0.000,0.072,88.9,40.8,2365,89.2,89.58
656248,"Bouchard, Sean",162,4,1,2.5,0.333,0.333,0.250,0.667,0.556,96.6,30.5,2186,89.7,89.72
664761,"Bohm, Alec",2252,56,9,2.5,0.170,0.245,0.096,0.415,0.278,89.5,37.3,2326,89.5,89.67
664901,"Mendick, Danny",276,7,2,2.5,0.286,0.143,0.286,0.429,0.119,87.8,40,2337,91.5,91.37
686668,"Doyle, Brenton",1591,38,9,2.4,0.257,0.514,0.147,0.771,0.295,92.9,40.5,2349,89.5,89.91
664702,"Straw, Myles",1991,48,0,2.4,0.000,0.000,0.000,0.000,0.106,84.2,38.6,2280,90.9,91.36
656716,"McKinstry, Zach",2114,51,9,2.4,0.180,0.140,0.160,0.320,0.201,85.3,40,2239,91.8,92.25
643217,"Benintendi, Andrew",2351,57,12,2.4,0.214,0.179,0.196,0.393,0.181,83.6,38.6,2255,89,89.18
669911,"Toglia, Michael",580,14,4,2.4,0.286,0.500,0.167,0.786,0.221,87.3,42.2,2164,91.8,92.06
608369,"Seager, Corey",1846,44,5,2.4,0.119,0.167,0.071,0.286,0.22,92.2,39.9,2146,89.1,89.39
677008,"Kjerstad, Heston",124,3,2,2.4,0.667,1.333,0.500,2.000,0.418,90.7,34,2237,88.9,88.7
664983,"McCarthy, Jake",1125,27,4,2.4,0.148,0.074,0.148,0.222,0.22,85.3,37.7,2230,89.9,90.3
678662,"Tovar, Ezequiel",2290,55,11,2.4,0.200,0.218,0.170,0.418,0.228,87.1,38.1,2265,86.7,87.29
671218,"Ramos, Heliot",246,6,1,2.4,0.167,0.167,0.167,0.333,0.33,92.1,39,2303,90,90.33
621532,"Bemboom, Anthony",42,1,0,2.4,0.000,0.000,0.000,0.000,0.089,96.8,43,1979,94.9,95
682848,"Rodríguez, Endy",776,19,1,2.4,0.053,0.000,0.053,0.053,0.091,88.6,42.9,2230,90.5,91.03
647304,"Naylor, Josh",1649,38,9,2.3,0.265,0.206,0.216,0.471,0.237,87.3,39.2,2276,89.7,90.18
516782,"Marte, Starling",1269,29,5,2.3,0.172,0.207,0.143,0.379,0.273,90,38.9,2307,91,91.27
663697,"India, Jonathan",2205,50,6,2.3,0.128,0.255,0.043,0.383,0.217,90.4,40.1,2351,91.7,92.09
678882,"Rafaela, Ceddanne",354,8,3,2.3,0.429,0.571,0.286,1.000,0.26,89.1,36.9,2316,89.5,89.65
666135,"Kirilloff, Alex",1242,28,11,2.3,0.393,0.929,0.150,1.321,0.48,93.6,37.5,2309,91.3,91.86
502110,"Martinez, J.D.",1865,42,8,2.3,0.216,0.649,0.000,0.865,0.385,92.6,40.3,2224,91.4,91.61
500743,"Rojas, Miguel",1455,33,1,2.3,0.031,0.000,0.030,0.031,0.127,86.4,38,2235,90.6,90.8
628451,"Ibáñez, Andy",1376,31,4,2.3,0.129,0.161,0.100,0.290,0.235,87.7,40.3,2262,90,90.35
680776,"Duran, Jarren",1397,32,7,2.3,0.219,0.344,0.167,0.563,0.215,87.7,44.1,2279,90.1,90.33
518692,"Freeman, Freddie",2753,63,11,2.3,0.183,0.250,0.133,0.433,0.241,88.4,39.5,2170,90.5,90.82
687263,"Neto, Zach",1288,29,2,2.3,0.074,0.148,0.036,0.222,0.219,90.9,40.4,2278,91.2,91.77
640492,"Azocar, José",350,8,2,2.3,0.250,0.000,0.250,0.250,0.256,85.6,39.5,2323,88.9,88.95
630105,"Cronenworth, Jake",2060,48,7,2.3,0.152,0.065,0.146,0.217,0.154,85.1,40.5,2250,90.4,90.49
656180,"Adams, Riley",567,13,3,2.3,0.250,0.333,0.167,0.583,0.314,91.6,40.7,2091,88.7,89.24
669477,"Schmitt, Casey",965,22,2,2.3,0.095,0.000,0.091,0.095,0.107,85.6,43.1,2297,91.6,92.15
656514,"Haseley, Adam",129,3,0,2.3,0.000,0.000,0.000,0.000,0.123,79.6,44.7,2234,94.8,94.93
669392,"Taylor, Samad",310,7,0,2.3,0.000,0.000,0.000,0.000,0.08,89.1,36.9,2128,91,90.96
642086,"Smith, Dominic",2210,51,4,2.3,0.080,0.140,0.041,0.220,0.178,89.6,43.2,2345,90.3,90.45
621028,"Newman, Kevin",912,20,3,2.2,0.167,0.000,0.150,0.167,0.127,82.9,37.3,2225,91,91.41
571771,"Hernández, Enrique",1964,43,2,2.2,0.049,0.000,0.047,0.049,0.092,85.5,42.2,2240,91.8,92.06
656896,"Rivera, Emmanuel",1132,25,1,2.2,0.043,0.130,0.000,0.174,0.126,90.5,39.9,2272,91.8,91.96
677800,"Abreu, Wilyer",361,8,2,2.2,0.250,0.125,0.250,0.375,0.241,90.7,39.4,2153,88,88.15
669720,"Hays, Austin",2122,46,8,2.2,0.182,0.273,0.116,0.455,0.222,90.3,37.8,2342,89.6,89.82
641786,"Lewis, Kyle",231,5,0,2.2,0.000,0.000,0.000,0.000,0.053,89.3,47.2,2375,91.3,91.3
641943,"Palacios, Joshua",958,21,2,2.2,0.095,0.143,0.095,0.238,0.253,88.6,39.3,2235,87.5,87.84
668939,"Rutschman, Adley",2904,63,8,2.2,0.129,0.161,0.113,0.290,0.274,90.1,37.6,2217,89.8,89.98
656811,"O'Hearn, Ryan",1451,32,6,2.2,0.194,0.161,0.161,0.355,0.22,89.5,41,2275,90.5,90.76
676694,"Meyers, Jake",1325,29,10,2.2,0.357,0.429,0.269,0.786,0.313,86.8,38.2,2282,91.2,91.33
663905,"Blankenhorn, Travis",136,3,0,2.2,0.000,0.000,0.000,0.000,0.148,93.8,43,2346,93.4,93.57
668804,"Reynolds, Bryan",2524,55,16,2.2,0.302,0.302,0.250,0.604,0.336,89.4,39.3,2218,90.6,90.89
596103,"Slater, Austin",808,18,4,2.2,0.222,0.111,0.222,0.333,0.204,89.1,38.2,2332,88.1,88.36
641525,"Dixon, Brandon",313,7,0,2.2,0.000,0.000,0.000,0.000,0.048,84.8,37.4,2125,90.5,90.71
640449,"Frazier, Clint",320,7,2,2.2,0.286,0.000,0.286,0.286,0.163,80,37,2238,90.6,90.86
592206,"Castellanos, Nick",2427,53,11,2.2,0.224,0.388,0.106,0.612,0.348,89.8,39,2211,90.1,90.44
543063,"Crawford, Brandon",1227,27,1,2.2,0.040,0.000,0.037,0.040,0.105,87.3,43.9,2211,90.6,90.72
621493,"Ward, Taylor",1635,36,5,2.2,0.143,0.143,0.114,0.286,0.224,89.9,36.2,2263,92.1,92.34
663796,"Montes, Coco",141,3,0,2.1,0.000,0.000,0.000,0.000,0.049,83.4,42,2333,85.5,86.23
607054,"Peterson, Jace",1740,37,5,2.1,0.139,0.056,0.135,0.194,0.149,86.4,41.5,2200,91.8,92.08
691026,"Winn, Masyn",535,11,0,2.1,0.000,0.000,0.000,0.000,0.069,86.9,41.7,1947,89.3,89.79
592518,"Machado, Manny",2284,47,7,2.1,0.149,0.319,0.048,0.468,0.278,89.9,39.4,2278,92.5,92.74
671221,"Waters, Drew",1317,27,7,2.1,0.269,0.269,0.231,0.538,0.394,90.7,38.6,2199,89.1,89.5
641505,"Davis, Jonathan",419,9,3,2.1,0.333,0.444,0.250,0.778,0.436,88.2,34.8,2278,92.2,92.54
594777,"Calhoun, Kole",681,14,0,2.1,0.000,0.000,0.000,0.000,0.156,84.4,45.7,2247,91.4,91.73
593160,"Merrifield, Whit",2200,47,7,2.1,0.156,0.067,0.149,0.222,0.155,85.4,37.5,2253,91.7,92.07
655316,"Monasterio, Andruw",1345,28,2,2.1,0.074,0.037,0.071,0.111,0.152,87.7,37.5,2340,91,90.96
678554,"Mead, Curtis",341,7,3,2.1,0.429,0.286,0.429,0.714,0.383,85.9,36.4,2209,89.6,89.8
669289,"Espinal, Santiago",989,21,0,2.1,0.000,0.000,0.000,0.000,0.091,84.4,42.8,2289,90.5,90.78
542932,"Berti, Jon",1588,34,8,2.1,0.258,0.355,0.188,0.613,0.329,88.4,35.3,2305,89.2,89.43
666150,"Fletcher, Dominic",380,8,1,2.1,0.125,0.125,0.125,0.250,0.146,86.3,36.4,2216,88.4,88.83
624413,"Alonso, Pete",2567,53,13,2.1,0.250,0.462,0.130,0.712,0.383,90.8,37.6,2231,90.2,90.32
663624,"Mountcastle, Ryan",1743,36,8,2.1,0.250,0.438,0.152,0.688,0.316,91.1,37.1,2288,88.2,88.28
669257,"Smith, Will",2292,49,4,2.1,0.083,0.146,0.063,0.229,0.173,88.9,40.2,2281,89.6,89.98
650859,"Rengifo, Luis",1676,35,7,2.1,0.200,0.343,0.125,0.543,0.217,88.4,39.9,2122,90.2,90.17
518735,"Grandal, Yasmani",1641,35,2,2.1,0.057,0.057,0.057,0.114,0.123,89.7,41.9,2335,91.3,91.91
613564,"Vosler, Jason",291,6,2,2.1,0.333,0.500,0.200,0.833,0.297,88,37.7,2244,93.5,93.67
668930,"Turang, Brice",1795,38,3,2.1,0.081,0.000,0.079,0.081,0.133,86.5,40.9,2218,90.5,90.87
571745,"Haniger, Mitch",925,19,3,2.1,0.167,0.167,0.158,0.333,0.206,91.6,40.3,2190,89.4,89.99
665750,"Taveras, Leody",2106,44,6,2.1,0.136,0.205,0.095,0.341,0.177,85.6,38.4,2152,90.2,90.13
656537,"Hill, Derek",190,4,0,2.1,0.000,0.000,0.000,0.000,0.126,90.3,38.3,2259,88.9,89.22
444482,"Peralta, David",1530,32,4,2.1,0.129,0.097,0.125,0.226,0.217,89.4,38,2287,90,90.36
609280,"Andujar, Miguel",327,7,1,2.1,0.143,0.429,0.000,0.571,0.394,91.2,37.6,2207,94.8,95.23
682515,"Porter, Logan",146,3,0,2.1,0.000,0.000,0.000,0.000,0.012,91.7,50.7,2337,93.3,93.97
623912,"Ramírez, Harold",1564,33,10,2.1,0.323,0.484,0.207,0.806,0.345,88.4,37.2,2207,89.7,90.03
687952,"Encarnacion-Strand, Christian",936,19,5,2,0.263,0.158,0.222,0.421,0.325,89.2,38.3,2237,90.2,90.86
593871,"Polanco, Jorge",1400,28,5,2,0.185,0.074,0.179,0.259,0.184,88.2,43.3,2131,89.4,89.78
543510,"McCann, James",847,17,1,2,0.059,0.000,0.059,0.059,0.193,87.4,36.7,2237,91,90.91
665019,"Clemens, Kody",609,12,3,2,0.250,0.333,0.182,0.583,0.236,87.1,39.9,2079,88.9,89.24
650559,"De La Cruz, Bryan",2467,50,7,2,0.146,0.292,0.065,0.438,0.293,90.5,38,2260,89.3,89.79
681082,"Stott, Bryson",2665,54,8,2,0.154,0.154,0.132,0.308,0.172,87.3,36.5,2178,91.4,91.72
668843,"Capel, Conner",353,7,1,2,0.143,0.000,0.143,0.143,0.144,84.8,42.4,2221,91.4,92.04
665155,"Maton, Nick",1243,25,4,2,0.167,0.083,0.160,0.250,0.097,86.4,43.5,2094,89.6,89.98
696100,"Goodman, Hunter",293,6,2,2,0.333,0.333,0.333,0.667,0.338,89.8,39.2,2371,87.9,88.22
518595,"d'Arnaud, Travis",1115,22,6,2,0.273,0.500,0.158,0.773,0.338,91.6,36.6,2377,90.8,91.19
545341,"Grichuk, Randal",1721,34,8,2,0.242,0.333,0.188,0.576,0.286,89.3,39,2285,91.9,92.21
521692,"Perez, Salvador",2061,42,9,2,0.225,0.300,0.154,0.525,0.22,91,40.5,2275,88.5,88.99
543939,"Wong, Kolten",984,20,3,2,0.150,0.000,0.150,0.150,0.12,84.1,40.9,2242,89.3,89.56
622534,"Margot, Manuel",1225,24,2,2,0.087,0.000,0.083,0.087,0.148,85.2,41.8,2260,91.5,91.72
676801,"McCormick, Chas",1805,37,12,2,0.333,0.778,0.138,1.111,0.463,93.2,35.2,2300,90.9,91.04
677594,"Rodríguez, Julio",2511,51,17,2,0.340,0.780,0.128,1.120,0.51,93.4,38.6,2289,91,91.22
681481,"Carpenter, Kerry",1761,35,11,2,0.314,0.571,0.172,0.886,0.304,91.3,40.2,2279,89.8,90.37
669742,"Hall, Darick",205,4,0,2,0.000,0.000,0.000,0.000,0.028,88.5,45.8,2135,91.1,91.22
650490,"Díaz, Yandy",2357,46,10,2,0.222,0.311,0.143,0.533,0.343,87.8,37.8,2301,89.9,90.01
624414,"Arroyo, Christian",734,15,0,2,0.000,0.000,0.000,0.000,0.088,86.8,41.6,2304,90.3,90.73
691023,"Walker, Jordan",1667,33,6,2,0.182,0.303,0.129,0.485,0.19,88.9,38.2,2218,88.5,88.75
572816,"Dickerson, Corey",546,11,0,2,0.000,0.000,0.000,0.000,0.111,84.7,39.6,2381,87.7,87.72
664056,"Bader, Harrison",1238,25,8,2,0.320,0.360,0.261,0.680,0.331,82,38.6,2210,91.6,91.84
673962,"Jung, Josh",1976,39,9,2,0.237,0.605,0.063,0.842,0.38,91.7,37.6,2292,89,89.31
660644,"Bruján, Vidal",299,6,1,2,0.167,0.167,0.167,0.333,0.133,82.2,44.3,2112,92.8,92.88
572041,"Pollock, AJ",557,11,0,2,0.000,0.000,0.000,0.000,0.181,88.4,42.1,2296,91.1,91.28
679845,"Loftin, Nick",250,5,3,2,0.600,0.800,0.600,1.400,0.337,91.5,36.2,2300,95.2,95.78
670712,"Brosseau, Mike",299,6,1,2,0.167,0.500,0.000,0.667,0.344,84.8,45.2,2190,80.2,79.52
671277,"García Jr., Luis",1700,34,7,2,0.219,0.313,0.129,0.531,0.255,89.4,38.5,2286,88.5,89.04
668942,"Rojas, Josh",1350,27,8,2,0.308,0.269,0.296,0.577,0.227,84.8,39.3,2203,92.3,92.77
666969,"García, Adolis",2562,50,11,2,0.234,0.574,0.049,0.809,0.401,92,39.8,2310,91.4,91.28
669222,"Senzel, Nick",1189,24,3,2,0.130,0.217,0.087,0.348,0.179,87.2,38.9,2264,91.5,91.73
683021,"Stefanic, Michael",253,5,0,2,0.000,0.000,0.000,0.000,0.081,86.2,46.4,2289,89.2,89.42
663845,"Rivas III, Alfonso",539,11,1,2,0.100,0.000,0.091,0.100,0.111,86.2,45,2240,88.1,88.45
680814,"Burdick, Peyton",150,3,0,2,0.000,0.000,0.000,0.000,0.273,98.6,44.3,2292,93,93.77
663609,"Baker, Luken",448,9,1,2,0.111,0.000,0.111,0.111,0.288,88.5,37.7,2378,85.8,85.97
493329,"Gurriel, Yuli",1189,24,0,2,0.000,0.000,0.000,0.000,0.12,86.6,42,2237,93.5,93.75
669134,"Campusano, Luis",601,12,2,2,0.167,0.000,0.167,0.167,0.247,89.1,36.9,2249,89.6,89.68
608671,"Jankowski, Travis",1118,21,2,1.9,0.100,0.050,0.095,0.150,0.135,81.9,37,2299,91,91.23
680977,"Donovan, Brendan",1431,27,2,1.9,0.077,0.000,0.074,0.077,0.283,88.7,35.9,2244,90.5,90.67
621563,"Wendle, Joey",1180,23,3,1.9,0.130,0.174,0.130,0.304,0.22,90.2,34.4,2306,89.9,89.93
663368,"Perkins, Blake",725,14,4,1.9,0.286,0.214,0.286,0.500,0.154,85.6,37.1,2158,89.4,89.52
656308,"Chavis, Michael",375,7,1,1.9,0.143,0.143,0.143,0.286,0.1,89.2,41.7,2027,88.8,89.66
666139,"Lowe, Josh",2036,38,7,1.9,0.189,0.162,0.162,0.351,0.248,85.4,43,2162,88.9,89.07
621035,"Taylor, Chris",1622,31,5,1.9,0.167,0.200,0.133,0.367,0.188,87.9,45.6,2279,91,91.27
668800,"Knizner, Andrew",831,16,4,1.9,0.250,0.188,0.250,0.438,0.284,88.7,38.9,2275,89.2,89.51
641658,"Hampson, Garrett",975,19,4,1.9,0.222,0.056,0.211,0.278,0.272,83,38.7,2141,88.9,89.09
676391,"Clement, Ernie",155,3,0,1.9,0.000,0.000,0.000,0.000,0.148,80.5,44.7,2326,87.6,87.9
622761,"Mateo, Jorge",1317,25,1,1.9,0.042,0.042,0.040,0.083,0.242,90,38,2303,90.5,90.75
575929,"Contreras, Willson",1950,37,10,1.9,0.286,0.486,0.156,0.771,0.547,91.9,33.9,2234,90,90.19
676761,"Lopez, Irving",52,1,0,1.9,0.000,0.000,0.000,0.000,0.108,90.5,31,2150,91.9,92.4
656185,"Allen, Greg",106,2,0,1.9,0.000,0.000,0.000,0.000,0.018,83.9,44.5,2196,92.1,93.7
641680,"Heim, Jonah",1996,37,3,1.9,0.081,0.054,0.081,0.135,0.133,88.5,42.3,2240,92.2,92.32
641933,"O'Neill, Tyler",1042,20,6,1.9,0.300,0.250,0.263,0.550,0.357,88.7,40.4,2208,91.1,91.26
663898,"Rodgers, Brendan",696,13,5,1.9,0.385,0.231,0.385,0.615,0.374,84.3,37,2392,89.7,90.17
592178,"Bryant, Kris",1281,24,4,1.9,0.167,0.292,0.091,0.458,0.167,88.8,41.7,2250,91.3,92.05
592273,"Drury, Brandon",1963,38,11,1.9,0.306,0.667,0.129,0.972,0.412,91,37.6,2289,90,90.21
608324,"Bregman, Alex",2789,53,1,1.9,0.019,0.038,0.019,0.057,0.123,88.7,41.2,2227,92.5,92.64
643265,"Cooper, Garrett",1818,34,8,1.9,0.242,0.485,0.133,0.727,0.27,91.5,39,2316,89.1,89.44
543068,"Cron, C.J.",1068,20,5,1.9,0.250,0.250,0.211,0.500,0.297,87.3,39.9,2248,92.7,93.14
642708,"Rosario, Amed",1979,38,6,1.9,0.158,0.342,0.086,0.500,0.23,88.5,36.8,2307,89.1,89.06
680757,"Kwan, Steven",2843,55,2,1.9,0.038,0.000,0.036,0.038,0.116,83.4,38,2339,88.7,89.07
643446,"McNeil, Jeff",2193,42,0,1.9,0.000,0.000,0.000,0.000,0.093,83.8,40.6,2178,89.5,89.64
607208,"Turner, Trea",2675,51,6,1.9,0.118,0.157,0.100,0.275,0.17,89.4,38.5,2218,91.6,91.98
542303,"Ozuna, Marcell",2366,46,18,1.9,0.400,0.711,0.243,1.111,0.494,91.8,36.4,2274,91.5,92.14
595453,"Wallach, Chad",690,13,4,1.9,0.308,0.615,0.182,0.923,0.368,90.8,36.5,2208,93.4,93.55
607043,"Nimmo, Brandon",2847,55,8,1.9,0.148,0.185,0.113,0.333,0.251,89.3,37.6,2246,91.1,91.2
443558,"Cruz, Nelson",566,11,1,1.9,0.100,0.300,0.000,0.400,0.563,96.2,32.7,2153,89.9,89.91
657557,"DeJong, Paul",1424,27,4,1.9,0.160,0.160,0.115,0.320,0.238,86.4,41.3,2255,90.2,90.3
664913,"Brown, Seth",1442,27,3,1.9,0.111,0.074,0.111,0.185,0.18,90.1,42.6,2247,89.8,90.21
663656,"Tucker, Kyle",2570,50,13,1.9,0.271,0.208,0.245,0.479,0.233,89.2,39.4,2181,91.8,91.97
663886,"Stephenson, Tyler",2051,38,8,1.9,0.211,0.368,0.118,0.579,0.288,91.9,38.3,2295,90.1,90.6
605361,"Martini, Nick",314,6,1,1.9,0.167,0.167,0.167,0.333,0.068,90.6,45,2117,93.8,94.72
666163,"Rortvedt, Ben",322,6,1,1.9,0.167,0.167,0.167,0.333,0.272,86,39.5,2272,91.9,92.07
622110,"Duffy, Matt",751,14,1,1.9,0.077,0.000,0.071,0.077,0.132,86.8,39.3,2330,91.3,91.75
668904,"Lewis, Royce",906,17,5,1.9,0.294,0.471,0.200,0.765,0.33,91.9,40.4,2354,88.5,88.87
645302,"Robles, Victor",454,8,0,1.8,0.000,0.000,0.000,0.000,0.159,83.6,43.1,2131,92,92.4
677551,"Franco, Wander",1901,34,11,1.8,0.333,0.394,0.258,0.727,0.372,88.7,37.6,2232,90.2,90.31
678246,"Vargas, Miguel",1204,22,1,1.8,0.050,0.050,0.045,0.100,0.17,87.1,38.7,2297,90.6,90.87
606466,"Marte, Ketel",2483,44,4,1.8,0.091,0.159,0.070,0.250,0.171,87.9,42,2259,90.1,90.29
665877,"Fermín, José",219,4,1,1.8,0.250,0.000,0.250,0.250,0.157,80.6,36.8,2340,94.3,95.03
672386,"Kirk, Alejandro",1725,31,5,1.8,0.167,0.167,0.133,0.333,0.231,89.1,35.7,2286,89.6,89.63
543807,"Springer, George",2528,46,12,1.8,0.261,0.304,0.209,0.565,0.269,87.2,38.2,2298,91,91.31
593428,"Bogaerts, Xander",2644,47,7,1.8,0.152,0.152,0.149,0.304,0.18,88.2,41.6,2234,91.5,91.52
669707,"Triolo, Jared",839,15,4,1.8,0.286,0.214,0.267,0.500,0.197,86.4,40,2309,91.1,91.33
660271,"Ohtani, Shohei",2321,41,7,1.8,0.184,0.421,0.056,0.605,0.385,94.3,40.1,2220,90,90.24
666134,"Jones, Nolan",1809,32,12,1.8,0.375,0.656,0.231,1.031,0.499,91.1,37.7,2138,90.9,91.51
668731,"Baddoo, Akil",1415,25,3,1.8,0.120,0.240,0.043,0.360,0.216,89.5,40.2,2196,89.3,89.49
669016,"Marsh, Brandon",1984,36,10,1.8,0.286,0.371,0.257,0.657,0.251,92.5,38.3,2159,90.8,90.93
663586,"Riley, Austin",2861,51,14,1.8,0.292,0.458,0.196,0.750,0.279,90.1,41.2,2260,90.5,91.02
672478,"Diaz, Jordan",1083,19,3,1.8,0.158,0.368,0.059,0.526,0.357,91.1,36.9,2224,89.8,89.96
543685,"Rendon, Anthony",762,14,3,1.8,0.214,0.143,0.214,0.357,0.235,88.5,45.6,2275,89.4,89.74
686469,"Pasquantino, Vinnie",1013,18,4,1.8,0.222,0.056,0.222,0.278,0.097,83.4,43.5,2168,90.8,91.13
641511,"Delay, Jason",682,12,2,1.8,0.167,0.083,0.167,0.250,0.207,86.7,37.4,2264,87.7,87.37
641355,"Bellinger, Cody",2158,39,8,1.8,0.242,0.455,0.114,0.697,0.169,88,39.2,2244,91.1,91.27
572228,"Voit, Luke",284,5,1,1.8,0.200,0.000,0.200,0.200,0.345,91.8,46,2194,90,90.22
595879,"Báez, Javier",1970,35,7,1.8,0.206,0.412,0.125,0.618,0.32,91.8,37.6,2271,90.8,91.09
608348,"Kelly, Carson",559,10,0,1.8,0.000,0.000,0.000,0.000,0.145,88.2,40.1,2263,92.1,92.6
660670,"Acuña Jr., Ronald",2782,49,10,1.8,0.213,0.298,0.133,0.511,0.376,90,38.6,2225,91.5,91.97
644374,"Chang, Yu",379,7,0,1.8,0.000,0.000,0.000,0.000,0.175,92.3,34.1,2197,95.2,95.99
595751,"Alfaro, Jorge",175,3,1,1.7,0.333,0.333,0.333,0.667,0.615,93.3,37.7,2367,89.6,89.07
680574,"McLain, Matt",1672,28,10,1.7,0.357,0.679,0.217,1.036,0.326,90.2,38.1,2295,89,89.27
621433,"Phillips, Brett",298,5,1,1.7,0.200,0.000,0.200,0.200,0.301,84,41.4,2261,96.2,97.08
543333,"Hosmer, Eric",407,7,2,1.7,0.286,0.571,0.167,0.857,0.531,89.3,38.3,2284,91.7,91.74
665828,"Cabrera, Oswaldo",1221,21,4,1.7,0.190,0.286,0.150,0.476,0.206,86.7,42.6,2131,88.9,89.12
572233,"Walker, Christian",2671,46,16,1.7,0.364,0.727,0.189,1.091,0.412,91.2,37.3,2221,90.7,90.92
691016,"Soderstrom, Tyler",519,9,0,1.7,0.000,0.000,0.000,0.000,0.181,87.4,40.7,2284,89.1,89.27
605131,"Barnes, Austin",778,13,2,1.7,0.154,0.154,0.154,0.308,0.16,87.6,38.3,2239,90.9,91.29
672284,"Kelenic, Jarred",1664,28,7,1.7,0.259,0.333,0.192,0.593,0.398,91.6,36.1,2341,91.5,91.88
650391,"Jiménez, Eloy",1717,29,4,1.7,0.143,0.321,0.038,0.464,0.305,90.3,38.5,2325,88.8,89.21
666165,"Sabol, Blake",1360,23,6,1.7,0.261,0.391,0.190,0.652,0.275,90.7,41.7,2103,89.4,89.6
606192,"Hernández, Teoscar",2673,46,6,1.7,0.140,0.140,0.091,0.279,0.313,91,41.7,2233,88.7,88.99
676724,"Young, Jared",174,3,0,1.7,0.000,0.000,0.000,0.000,0.028,88.8,51.3,2016,90.1,89.97
623205,"Velazquez, Andrew",353,6,1,1.7,0.167,0.500,0.000,0.667,0.253,90.9,34.2,2344,89.1,88.8
641584,"Fraley, Jake",1420,24,7,1.7,0.292,0.125,0.292,0.417,0.243,83.6,39.4,2269,90.5,90.9
687093,"Grissom, Vaughn",289,5,0,1.7,0.000,0.000,0.000,0.000,0.117,83.7,39,2410,91.5,92.14
663538,"Hoerner, Nico",2539,42,7,1.7,0.179,0.154,0.146,0.333,0.172,85,38.2,2309,90.7,90.71
543257,"Grossman, Robbie",1716,29,3,1.7,0.111,0.074,0.103,0.185,0.1,86.5,43.3,2261,90.6,90.54
606132,"Tapia, Raimel",662,11,1,1.7,0.091,0.091,0.091,0.182,0.223,90.3,39,2148,89.2,89.99
605141,"Betts, Mookie",2712,47,3,1.7,0.064,0.128,0.022,0.191,0.153,92,39.1,2306,92.9,93.16
676701,"Trejo, Alan",875,15,0,1.7,0.000,0.000,0.000,0.000,0.054,88.8,48.4,2250,90.2,90.56
669364,"Edwards, Xavier",298,5,1,1.7,0.200,0.000,0.200,0.200,0.078,80.5,41.2,2192,91.6,91.68
665862,"Chisholm Jr., Jazz",1545,27,6,1.7,0.231,0.385,0.125,0.615,0.307,92.2,41.4,2281,91.4,91.6
553993,"Suárez, Eugenio",2903,49,10,1.7,0.213,0.383,0.114,0.596,0.311,92.7,43.1,2210,90.5,90.75
656413,"Fairchild, Stuart",957,16,3,1.7,0.214,0.143,0.188,0.357,0.17,85.1,39.5,2206,85.4,85.36
672580,"Garcia, Maikel",1989,33,4,1.7,0.138,0.069,0.121,0.207,0.284,90,36,2184,90.9,91.45
545361,"Trout, Mike",1547,27,5,1.7,0.192,0.192,0.154,0.385,0.282,90.5,41.1,2191,91.8,92.08
571448,"Arenado, Nolan",2285,39,5,1.7,0.132,0.132,0.128,0.263,0.187,88.1,38.2,2193,91,91.3
408234,"Cabrera, Miguel",1381,24,2,1.7,0.087,0.174,0.043,0.261,0.258,87.6,38,2283,90.4,90.8
642133,"Tellez, Rowdy",1503,26,1,1.7,0.042,0.000,0.038,0.042,0.173,86.8,41.6,2346,91.1,91.68
660757,"Gonzalez, Oscar",687,12,3,1.7,0.250,0.333,0.182,0.583,0.301,90.8,37.3,2310,88.5,88.76
691176,"Domínguez, Jasson",120,2,1,1.7,0.500,1.500,0.000,2.000,0.669,99.1,28.5,2410,96.4,94.95
646240,"Devers, Rafael",2579,45,16,1.7,0.356,0.600,0.237,0.956,0.427,90,36.7,2201,91.1,91.46
621438,"Taylor, Tyrone",889,15,6,1.7,0.400,0.400,0.357,0.800,0.239,82.1,41.5,2251,91.2,91.47
677950,"Thomas, Alek",1489,25,3,1.7,0.120,0.240,0.083,0.360,0.217,90.5,38.1,2129,89.2,89.6
665161,"Peña, Jeremy",2299,40,4,1.7,0.100,0.200,0.053,0.300,0.255,91.2,35.5,2277,88.9,88.99
664023,"Happ, Ian",2862,48,5,1.7,0.106,0.085,0.104,0.191,0.194,90.8,39.3,2227,89.3,89.71
570731,"Schoop, Jonathan",599,10,0,1.7,0.000,0.000,0.000,0.000,0.062,87.1,41.1,2325,89.9,90.35
641645,"Guillorme, Luis",481,8,1,1.7,0.125,0.125,0.125,0.250,0.063,86,37.4,2152,89.3,89.44
682998,"Carroll, Corbin",2431,41,12,1.7,0.308,0.615,0.147,0.923,0.35,89.8,38.3,2290,88.4,88.84
607680,"Pillar, Kevin",756,13,3,1.7,0.250,0.167,0.231,0.417,0.282,82.3,38.2,2155,90.6,91.44
694384,"Schanuel, Nolan",530,9,0,1.7,0.000,0.000,0.000,0.000,0.17,88.1,34,2194,91.6,91.66
660688,"Ruiz, Keibert",1887,32,3,1.7,0.094,0.031,0.094,0.125,0.121,83.4,40.9,2227,90.2,90.49
663837,"Vierling, Matt",2133,36,6,1.7,0.167,0.056,0.167,0.222,0.16,84.8,40.2,2252,90.7,90.97
672275,"Bailey, Patrick",1411,24,2,1.7,0.083,0.042,0.083,0.125,0.244,87.8,40.1,2197,89.8,90.19
669357,"Gorman, Nolan",1889,32,10,1.7,0.313,0.344,0.267,0.656,0.223,90,42.9,2252,90.1,90.31
669242,"Edman, Tommy",1809,31,4,1.7,0.133,0.267,0.069,0.400,0.157,88.4,39.4,2249,91.3,91.77
656305,"Chapman, Matt",2451,41,9,1.7,0.220,0.488,0.086,0.707,0.406,93.4,38.7,2283,92,92.09
596146,"Kepler, Max",1924,33,3,1.7,0.094,0.094,0.063,0.188,0.22,89.2,39.7,2315,90.9,91.11
682985,"Greene, Riley",1746,29,7,1.7,0.250,0.464,0.154,0.714,0.473,90.7,36.3,2242,90.2,90.45
686759,"Hopkins, TJ",174,3,1,1.7,0.333,0.000,0.333,0.333,0.236,85.9,40,2130,90.7,91.67
543592,"Nola, Austin",633,11,1,1.7,0.091,0.091,0.091,0.182,0.062,83.9,44,2328,91.6,91.56
664314,"Florial, Estevan",294,5,2,1.7,0.500,0.500,0.400,1.000,0.354,88.3,40.2,2278,94.1,94.9
682928,"Abrams, CJ",2212,38,2,1.7,0.053,0.079,0.027,0.132,0.185,87.7,39.9,2347,90.2,90.49
664954,"Sullivan, Brett",300,5,0,1.7,0.000,0.000,0.000,0.000,0.083,85.2,41.6,2087,91.9,92.26
670156,"Mastrobuoni, Miles",605,10,1,1.7,0.100,0.000,0.100,0.100,0.137,87.8,41.5,2056,91.9,91.96
669369,"Johnson, Bryce",176,3,0,1.7,0.000,0.000,0.000,0.000,0.025,87.8,47,1944,83.8,83.87
669003,"Mitchell, Garrett",289,5,1,1.7,0.250,0.000,0.200,0.250,0.307,82.3,39.6,1987,90.3,90.6
600869,"Candelario, Jeimer",2333,39,5,1.7,0.132,0.211,0.105,0.342,0.125,88.3,41.6,2205,89.4,89.79
657077,"Verdugo, Alex",2364,41,9,1.7,0.225,0.200,0.220,0.425,0.174,87.3,40.2,2250,90.5,90.73
671739,"Harris II, Michael",1954,34,5,1.7,0.152,0.182,0.094,0.333,0.275,88.9,40.7,2202,88.1,88.25
664247,"Garlick, Kyle",120,2,0,1.7,0.000,0.000,0.000,0.000,0.019,97.1,50,2064,93.7,93.95
668670,"Rogers, Jake",1432,23,9,1.6,0.391,0.522,0.300,0.913,0.444,91.8,37.8,2168,89.6,89.9
620443,"Torrens, Luis",126,2,1,1.6,0.500,0.000,0.500,0.500,0.249,81.5,46.5,2086,88.1,87.65
641857,"McMahon, Ryan",2742,43,7,1.6,0.171,0.317,0.100,0.488,0.331,91.3,40.7,2273,89.5,90.18
666160,"Moniak, Mickey",1161,19,4,1.6,0.211,0.158,0.211,0.368,0.384,92.4,40.6,2223,91.1,91.26
642136,"Thaiss, Matt",1241,20,1,1.6,0.050,0.000,0.050,0.050,0.151,88.4,39.6,2219,91.5,92.01
668709,"Bleday, JJ",1213,19,0,1.6,0.000,0.000,0.000,0.000,0.04,90.3,45.7,2285,90,90.43
671213,"Casas, Triston",2062,33,11,1.6,0.333,0.515,0.241,0.848,0.312,91.6,45,2205,90,90.33
666906,"Alu, Jake",678,11,2,1.6,0.200,0.000,0.182,0.200,0.188,84,36.7,2386,91.6,91.98
543760,"Semien, Marcus",2799,46,10,1.6,0.227,0.114,0.217,0.341,0.197,85,40.9,2319,90.3,90.47
621566,"Olson, Matt",3092,48,12,1.6,0.250,0.646,0.053,0.896,0.28,92,42.4,2271,89.9,90.38
670242,"Wallner, Matt",1046,17,4,1.6,0.235,0.235,0.188,0.471,0.297,89.5,41.5,2264,88.2,88.82
680869,"Gelof, Zack",1155,18,8,1.6,0.444,0.667,0.375,1.111,0.297,92.1,38.4,2357,89.2,89.34
673357,"Robert Jr., Luis",2200,35,6,1.6,0.176,0.324,0.094,0.500,0.301,91.5,39.9,2324,89.1,89.55
542194,"Bethancourt, Christian",1180,19,4,1.6,0.235,0.353,0.167,0.588,0.297,93.4,39.7,2229,90.4,90.52
682641,"Matos, Luis",901,14,3,1.6,0.214,0.286,0.214,0.500,0.067,88.3,38.6,2288,90.7,91.31
682622,"Marte, Noelvi",444,7,0,1.6,0.000,0.000,0.000,0.000,0.164,87.2,34,2325,85.9,86.17
682626,"Alvarez, Francisco",1622,26,4,1.6,0.154,0.346,0.043,0.500,0.255,92.7,40.7,2246,89.7,89.96
657656,"Laureano, Ramón",1653,26,5,1.6,0.192,0.269,0.192,0.462,0.248,88,40.3,2172,89.4,89.67
642350,"Siri, Jose",1340,21,3,1.6,0.158,0.158,0.100,0.316,0.248,83.2,38,2273,88.8,88.51
663993,"Lowe, Nathaniel",3044,49,13,1.6,0.277,0.447,0.182,0.723,0.359,91.7,35.6,2252,89.1,89.35
624431,"Trevino, Jose",614,10,2,1.6,0.200,0.300,0.111,0.500,0.138,85.4,40.5,2312,90.2,90.49
592663,"Realmuto, J.T.",2096,34,7,1.6,0.241,0.586,0.069,0.828,0.313,91.4,40.4,2220,89.8,90.06
592200,"Casali, Curt",371,6,2,1.6,0.333,0.000,0.333,0.333,0.32,78.9,38.7,1967,86.9,86.98
664728,"Isbel, Kyle",1127,18,1,1.6,0.063,0.063,0.056,0.125,0.132,88.1,35.2,2221,90.5,90.91
669004,"Melendez, MJ",2440,38,7,1.6,0.194,0.444,0.088,0.639,0.283,92.9,41.1,2218,91.5,92
683146,"Baty, Brett",1510,24,2,1.6,0.083,0.167,0.043,0.250,0.209,91.5,37.8,2327,90.3,90.55
665489,"Guerrero Jr., Vladimir",2441,38,6,1.6,0.158,0.132,0.135,0.289,0.241,87.5,39.8,2330,91.4,91.57
672356,"Arias, Gabriel",1345,22,9,1.6,0.409,0.727,0.278,1.136,0.657,93.4,36.3,2185,89.5,89.83
458015,"Votto, Joey",938,15,4,1.6,0.267,0.667,0.083,0.933,0.22,94.2,41.9,2340,87.8,88.35
666182,"Bichette, Bo",2225,36,10,1.6,0.286,0.600,0.161,0.886,0.421,91,36.4,2282,87.7,88.16
608841,"Meneses, Joey",2543,41,2,1.6,0.050,0.025,0.049,0.075,0.156,87.2,39.8,2319,91.1,91.5
686681,"Massey, Michael",1841,29,3,1.6,0.107,0.036,0.103,0.143,0.166,87.3,41.5,2158,92,92.36
608070,"Ramírez, José",2610,41,5,1.6,0.122,0.024,0.122,0.146,0.175,85.8,39.2,2190,88.9,89.17
543877,"Vázquez, Christian",1324,21,7,1.6,0.333,0.476,0.263,0.810,0.194,88.3,36.2,2277,90.8,91.26
676946,"Batten, Matthew",547,9,0,1.6,0.000,0.000,0.000,0.000,0.025,86.6,43.8,2257,93.4,94.09
547180,"Harper, Bryce",2021,33,8,1.6,0.242,0.303,0.167,0.545,0.389,89.8,38.4,2201,87.2,87.39
500871,"Escobar, Eduardo",1236,20,3,1.6,0.150,0.200,0.105,0.350,0.166,85.5,44.9,2148,90.6,90.79
645444,"Herrera, Jose",510,8,1,1.6,0.125,0.000,0.125,0.125,0.13,79.8,42.4,2044,90.7,91.25
683002,"Henderson, Gunnar",2405,39,7,1.6,0.179,0.308,0.111,0.487,0.261,90.7,39.3,2185,91.7,91.93
592626,"Pederson, Joc",1723,27,4,1.6,0.154,0.346,0.042,0.500,0.276,90.8,37.7,2276,90.6,91.07
605137,"Bell, Josh",2428,39,11,1.6,0.289,0.421,0.200,0.711,0.405,90.4,38.4,2179,90.1,90.5
592885,"Yelich, Christian",2559,42,15,1.6,0.366,0.829,0.156,1.195,0.567,94.7,34.5,2211,89.4,89.88
605119,"Anderson, Brian",1441,22,7,1.5,0.318,0.591,0.211,0.909,0.331,89.2,40,2222,90.3,90.7
663757,"Grisham, Trent",2341,36,5,1.5,0.143,0.371,0.031,0.514,0.246,93,40.2,2196,91.7,91.96
641343,"Bauers, Jake",1169,17,3,1.5,0.200,0.333,0.125,0.533,0.324,96.1,40.7,2109,91.6,91.99
665923,"Ruiz, Esteury",1753,26,5,1.5,0.192,0.115,0.192,0.308,0.169,84.1,39.3,2166,89.1,89.07
664034,"France, Ty",2425,37,5,1.5,0.135,0.216,0.086,0.351,0.161,88.3,39.3,2368,90,90.33
681584,"Villar, David",544,8,1,1.5,0.125,0.125,0.125,0.250,0.135,88,41.9,2183,87.9,88.21
666164,"Rutherford, Blake",135,2,0,1.5,0.000,0.000,0.000,0.000,0.074,92.1,45,2565,93.6,93.45
665742,"Soto, Juan",2897,43,7,1.5,0.171,0.390,0.053,0.561,0.344,92.8,41,2272,90.4,90.5
663897,"Williams, Luke",67,1,0,1.5,0.000,0.000,0.000,0.000,0.008,89.2,38,2037,78,76.8
643565,"Tauchman, Mike",1711,26,3,1.5,0.120,0.360,0.000,0.480,0.203,91.5,38.4,2244,88.7,88.93
595978,"Hedges, Austin",741,11,2,1.5,0.182,0.091,0.182,0.273,0.184,82.9,36.4,2224,87.2,87.35
621043,"Correa, Carlos",2257,33,5,1.5,0.152,0.333,0.067,0.485,0.142,89.4,41.3,2256,92.1,92.49
624428,"Frazier, Adam",1750,26,1,1.5,0.040,0.000,0.038,0.040,0.09,84.2,40.6,2251,89,89.03
519058,"Moustakas, Mike",1502,22,0,1.5,0.000,0.000,0.000,0.000,0.124,87,40.1,2351,91.9,92.42
663743,"Fortes, Nick",1129,17,2,1.5,0.125,0.063,0.118,0.188,0.187,89,40.2,2240,89.3,89.61
670764,"Walls, Taylor",1420,22,1,1.5,0.045,0.000,0.045,0.045,0.114,85.9,42.1,2229,90.7,91.06
642715,"Adames, Willy",2596,38,8,1.5,0.211,0.500,0.063,0.711,0.321,90.7,41.3,2230,92.5,92.96
686894,"Wiemer, Joey",1585,24,7,1.5,0.292,0.667,0.105,0.958,0.453,93.2,34.6,2242,88.1,88.68
596019,"Lindor, Francisco",2741,42,5,1.5,0.125,0.150,0.098,0.275,0.163,89.1,43.2,2208,90.6,90.77
686823,"Brennan, Will",1611,24,4,1.5,0.167,0.042,0.167,0.208,0.121,84.8,39.2,2218,90.2,90.3
645277,"Albies, Ozzie",2563,39,7,1.5,0.179,0.154,0.158,0.333,0.18,87,44,2194,89,89.21
457705,"McCutchen, Andrew",2008,30,7,1.5,0.250,0.286,0.179,0.536,0.274,89.6,38.1,2297,90.7,90.94
605204,"Davis, J.D.",2092,32,8,1.5,0.286,0.679,0.077,0.964,0.413,92.6,34.8,2365,91.6,91.78
506702,"León, Sandy",206,3,0,1.5,0.000,0.000,0.000,0.000,0.145,80.1,45.3,2238,94,93.13
664059,"Haggerty, Sam",413,6,1,1.5,0.167,0.000,0.167,0.167,0.058,80.5,47.8,2032,88.7,89.25
680700,"Palacios, Richie",408,6,0,1.5,0.000,0.000,0.000,0.000,0.131,90.1,42.2,2265,88,88.12
641856,"McKinney, Billy",611,9,1,1.5,0.111,0.000,0.111,0.111,0.309,90.4,31.9,2160,92.9,93.42
547989,"Abreu, José",2400,35,5,1.5,0.152,0.182,0.091,0.333,0.23,88.2,41.9,2320,90.4,90.59
664058,"Fletcher, David",327,5,1,1.5,0.200,0.000,0.200,0.200,0.074,81.8,38.6,2222,92.4,92.82
543309,"Higashioka, Kyle",1010,15,1,1.5,0.071,0.214,0.000,0.286,0.129,90.3,40.3,2236,91.3,91.68
683011,"Volpe, Anthony",2335,36,10,1.5,0.278,0.722,0.103,1.000,0.289,92.8,39.9,2248,91.8,92.01
592450,"Judge, Aaron",1901,29,12,1.5,0.414,1.000,0.150,1.414,0.563,97.5,39.6,2339,92.3,92.83
666310,"Naylor, Bo",1011,15,0,1.5,0.000,0.000,0.000,0.000,0.123,86.9,44.2,2183,90,90.49
595956,"Gallagher, Cam",585,9,0,1.5,0.000,0.000,0.000,0.000,0.058,85.4,43.3,2258,92.9,93.03
502054,"Pham, Tommy",1917,29,6,1.5,0.222,0.519,0.080,0.741,0.356,90.5,40.5,2319,90.9,91.3
691406,"Caminero, Junior",134,2,1,1.5,0.500,1.500,0.000,2.000,0.866,94.1,34.5,2127,91.2,91.55
669743,"Call, Alex",1832,27,4,1.5,0.154,0.000,0.148,0.154,0.163,82.7,42.9,2299,91.2,91.51
571657,"Farmer, Kyle",1398,21,7,1.5,0.350,0.250,0.333,0.600,0.318,87.1,38.1,2139,89.7,90.04
663457,"Nootbaar, Lars",2074,32,9,1.5,0.300,0.500,0.207,0.800,0.289,93.6,39.4,2233,90.5,90.54
642137,"Thomas, Cody",198,3,0,1.5,0.000,0.000,0.000,0.000,0.05,82.6,34,2420,93.2,94.27
605113,"Ahmed, Nick",776,12,1,1.5,0.083,0.167,0.083,0.250,0.187,87.3,36.8,2262,88.9,88.83
807799,"Yoshida, Masataka",2197,34,9,1.5,0.273,0.333,0.219,0.606,0.27,91.1,41.6,2238,90.8,91.01
666185,"Carlson, Dylan",1047,16,1,1.5,0.071,0.000,0.063,0.071,0.107,88.7,40.9,2268,87.5,87.53
624424,"Conforto, Michael",1900,29,5,1.5,0.185,0.333,0.077,0.519,0.219,92.7,41.1,2289,88.2,88.77
668227,"Arozarena, Randy",2679,39,9,1.5,0.237,0.447,0.143,0.684,0.413,91.7,37.8,2289,89.2,89.08
660162,"Moncada, Yoán",1390,21,7,1.5,0.333,0.476,0.222,0.810,0.359,86.7,40,2219,91.3,91.59
665487,"Tatis Jr., Fernando",2335,34,7,1.5,0.212,0.545,0.036,0.758,0.481,91.6,38.2,2261,91.5,91.62
662139,"Varsho, Daulton",2313,35,2,1.5,0.057,0.086,0.029,0.143,0.111,87.1,45.2,2291,91.1,91.37
643396,"Kiner-Falefa, Isiah",1454,22,3,1.5,0.150,0.300,0.050,0.450,0.17,86.4,40.9,2298,90.4,90.7
669127,"Langeliers, Shea",1921,29,8,1.5,0.296,0.481,0.222,0.778,0.398,92.6,37.9,2153,90.7,90.99
643376,"Jansen, Danny",1185,18,3,1.5,0.167,0.111,0.167,0.278,0.184,87.8,39.9,2197,91.9,92.14
502671,"Goldschmidt, Paul",2847,43,9,1.5,0.209,0.140,0.190,0.349,0.221,88,40.3,2323,89.2,89.62
606992,"Haase, Eric",1118,17,1,1.5,0.059,0.000,0.059,0.059,0.128,86,42.4,2281,88.4,88.91
650489,"Castro, Willi",1586,23,1,1.5,0.048,0.048,0.043,0.095,0.144,87.5,41.9,2120,89.5,90
667670,"Rooker, Brent",2152,33,8,1.5,0.267,0.333,0.194,0.600,0.322,91.1,39.7,2274,91.6,91.95
681146,"Bride, Jonah",460,7,2,1.5,0.286,0.143,0.286,0.429,0.294,93.5,35.1,2346,87.6,87.61
668715,"Steer, Spencer",2684,41,9,1.5,0.220,0.122,0.220,0.341,0.248,88,37.4,2288,90.6,90.76
573262,"Yastrzemski, Mike",1573,22,3,1.4,0.143,0.333,0.050,0.476,0.151,90.5,46.4,2139,88.1,88.68
643393,"Kemp, Tony",1481,20,1,1.4,0.050,0.000,0.050,0.050,0.077,86.5,39.5,2171,91.1,91.52
669352,"Thompson, Bubba",220,3,1,1.4,0.333,0.667,0.333,1.000,0.654,96.2,29.3,1841,80.6,80.3
683737,"Busch, Michael",353,5,1,1.4,0.200,0.200,0.200,0.400,0.267,93,38.8,2317,88.2,88.28
664874,"Zavala, Seby",763,11,3,1.4,0.273,0.273,0.200,0.545,0.313,88.3,34.3,2382,90.9,90.79
666198,"Kieboom, Carter",347,5,0,1.4,0.000,0.000,0.000,0.000,0.038,86,45.6,2223,89.5,90
596117,"Stubbs, Garrett",496,7,0,1.4,0.000,0.000,0.000,0.000,0.018,86.7,42.6,2317,94.1,94.49
645801,"Ford, Mike",1032,14,3,1.4,0.214,0.071,0.214,0.286,0.199,85.1,44,2129,91.8,92.39
545121,"Vargas, Ildemaro",1024,14,1,1.4,0.071,0.000,0.071,0.071,0.106,84.2,39.9,2242,90.8,90.89
649557,"Díaz, Aledmys",1179,16,0,1.4,0.000,0.000,0.000,0.000,0.058,85.4,43.3,2327,90.5,90.68
663853,"Gonzalez, Romy",363,5,2,1.4,0.400,0.600,0.400,1.000,0.287,89.8,36,2005,85.3,85.66
683734,"Vaughn, Andrew",2317,32,4,1.4,0.125,0.281,0.067,0.406,0.235,90.7,38,2291,91.3,91.72
572204,"Thompson, Trayce",799,11,1,1.4,0.091,0.000,0.091,0.091,0.097,89.4,46,2065,91.4,91.4
668901,"Vientos, Mark",847,12,1,1.4,0.083,0.250,0.000,0.333,0.404,94.7,39.6,2074,90.5,90.7
518934,"LeMahieu, DJ",2254,32,10,1.4,0.313,0.719,0.120,1.031,0.338,89.7,35.7,2404,90.4,90.5
664774,"Wade Jr., LaMonte",2102,29,5,1.4,0.172,0.172,0.143,0.345,0.193,87.5,42.3,2298,92.3,93
656976,"Smith, Pavin",923,13,1,1.4,0.077,0.231,0.000,0.308,0.192,90.4,40,2160,90.7,90.93
665804,"Amaya, Miguel",624,9,0,1.4,0.000,0.000,0.000,0.000,0.171,87.1,34.8,2238,91.5,92.17
669701,"Smith, Josh",977,14,2,1.4,0.143,0.286,0.077,0.429,0.324,91.3,36.9,2361,91.8,91.84
596059,"Odor, Rougned",585,8,0,1.4,0.000,0.000,0.000,0.000,0.249,86.6,36.8,2192,90.9,91.35
693304,"Gonzales, Nick",498,7,2,1.4,0.286,0.429,0.286,0.714,0.107,90.7,41.7,2306,86.6,87.16
677649,"Duran, Ezequiel",1657,24,5,1.4,0.217,0.217,0.174,0.435,0.28,88.9,40.7,2249,88.9,89.13
592696,"Rosario, Eddie",1908,26,3,1.4,0.120,0.280,0.042,0.400,0.244,92.4,42.1,2259,88.6,88.9
456781,"Solano, Donovan",1806,25,5,1.4,0.200,0.240,0.167,0.440,0.291,91.2,36.4,2268,88.8,89.13
666971,"Gurriel Jr., Lourdes",2216,32,4,1.4,0.125,0.125,0.097,0.250,0.197,86.6,41.1,2241,88.1,88.04
453568,"Blackmon, Charlie",1518,22,5,1.4,0.227,0.091,0.227,0.318,0.222,84.7,39.7,2181,89.5,89.96
541645,"García, Avisaíl",436,6,1,1.4,0.167,0.333,0.167,0.500,0.327,98.2,40.5,2306,92.3,92.53
670042,"Raley, Luke",1545,21,5,1.4,0.250,0.500,0.158,0.750,0.404,92.6,40.2,2169,90.4,90.52
660821,"Sánchez, Jesús",1657,23,9,1.4,0.391,0.609,0.263,1.000,0.611,90.4,35.3,2229,90.1,90.34
680777,"Jeffers, Ryan",1327,18,4,1.4,0.222,0.222,0.222,0.444,0.158,90.8,39.9,2256,86.9,86.9
686676,"Lee, Korey",279,4,0,1.4,0.000,0.000,0.000,0.000,0.26,84,40,2114,90.1,90.9
672695,"Perdomo, Geraldo",2064,28,2,1.4,0.074,0.037,0.071,0.111,0.094,84.3,44,2173,91.1,91.18
462101,"Andrus, Elvis",1592,22,1,1.4,0.048,0.048,0.045,0.095,0.131,88.2,39.9,2398,89.4,89.93
679529,"Torkelson, Spencer",2814,40,8,1.4,0.211,0.421,0.086,0.632,0.292,90.6,40.3,2224,91.5,91.87
679631,"Vavra, Terrin",212,3,0,1.4,0.000,0.000,0.000,0.000,0.044,89.7,42.7,2280,87.7,86.7
596115,"Story, Trevor",640,9,1,1.4,0.111,0.111,0.111,0.222,0.469,95.2,30.6,2432,91.9,92.02
657757,"Sheets, Gavin",1421,20,0,1.4,0.000,0.000,0.000,0.000,0.1,88.8,44,2256,90.8,91.17
680118,"Blanco, Dairon",509,7,2,1.4,0.286,0.286,0.286,0.571,0.296,88.6,44,2445,88.5,88.64
621020,"Swanson, Dansby",2558,36,6,1.4,0.171,0.286,0.118,0.457,0.292,92,39.5,2240,90,90.42
602104,"Urías, Ramón",1461,20,7,1.4,0.368,0.579,0.316,0.947,0.3,91.1,37.7,2194,91,91.17
606115,"Arcia, Orlando",2132,29,5,1.4,0.179,0.179,0.143,0.357,0.241,89.1,39,2170,91,91.53
642336,"Mejía, Francisco",578,8,0,1.4,0.000,0.000,0.000,0.000,0.044,83.9,44.1,2243,92.1,91.56
516416,"Segura, Jean",1246,18,2,1.4,0.111,0.167,0.111,0.278,0.177,87.8,40.6,2337,90.7,91.37
663550,"Cabbage, Trey",215,3,2,1.4,1.000,0.500,0.667,1.500,0.228,86.2,31.3,2011,94.1,94.37
669397,"Allen, Nick",1168,16,2,1.4,0.125,0.000,0.125,0.125,0.148,82.1,38.6,2431,89.2,89.41
596142,"Sánchez, Gary",1091,14,2,1.3,0.154,0.308,0.077,0.462,0.285,89.7,39.3,2326,88.1,88.16
661531,"Serven, Brian",77,1,0,1.3,0.000,0.000,0.000,0.000,0.012,87,62,2034,95.3,95.7
670770,"Friedl, TJ",2194,29,3,1.3,0.107,0.071,0.103,0.179,0.053,84.8,39.8,2165,89.8,90.1
665839,"Valdez, Enmanuel",610,8,2,1.3,0.250,0.500,0.143,0.750,0.169,90.9,41.8,2083,90.4,90.49
571875,"Lamb, Jake",237,3,0,1.3,0.000,0.000,0.000,0.000,0.169,94.3,39.3,2358,89.7,90.33
542583,"Aguilar, Jesús",448,6,0,1.3,0.000,0.000,0.000,0.000,0.051,88.2,43.7,2408,91.3,91.52
658668,"Olivares, Edward",1420,19,2,1.3,0.105,0.105,0.105,0.211,0.301,89.3,39.7,2219,90.2,90.44
474832,"Belt, Brandon",1801,23,8,1.3,0.364,0.409,0.286,0.773,0.434,87.6,38.9,2242,91.7,92.04
608596,"Murphy, Tom",593,8,0,1.3,0.000,0.000,0.000,0.000,0.334,95,39.6,2207,92.3,92.7
571912,"Maile, Luke",766,10,3,1.3,0.300,0.100,0.300,0.400,0.283,88.1,35.6,2495,85.2,85.43
656669,"Luplow, Jordan",380,5,1,1.3,0.200,0.600,0.000,0.800,0.158,95.3,48.2,2273,91.4,91.92
624585,"Soler, Jorge",2315,30,6,1.3,0.200,0.300,0.111,0.500,0.302,92.7,39.2,2326,90,90.07
681546,"Outman, James",2352,30,7,1.3,0.250,0.393,0.148,0.643,0.386,92.4,41.2,2329,88.6,88.91
670097,"Short, Zack",1027,13,3,1.3,0.231,0.154,0.231,0.385,0.225,85.8,39.5,2340,91,91.04
595281,"Kiermaier, Kevin",1508,20,6,1.3,0.316,0.105,0.300,0.421,0.324,82.6,34.9,2372,88,88.17
678225,"Bae, Ji Hwan",1506,19,1,1.3,0.059,0.176,0.000,0.235,0.153,90,39.1,2239,90.3,90.41
675961,"Williams, Alika",458,6,1,1.3,0.167,0.000,0.167,0.167,0.103,84.7,37.2,2273,88.2,88.23
666624,"Morel, Christopher",1655,21,4,1.3,0.200,0.450,0.056,0.650,0.383,92,38.4,2262,91.5,92.04
641820,"Mancini, Trey",1050,14,4,1.3,0.308,0.231,0.286,0.538,0.196,87.5,41.9,2292,90.9,91.33
672515,"Moreno, Gabriel",1544,20,4,1.3,0.235,0.529,0.059,0.765,0.243,86.8,36.4,2336,86.6,86.89
519203,"Rizzo, Anthony",1670,21,6,1.3,0.286,0.095,0.286,0.381,0.201,88.3,36.4,2310,91.1,91.12
663611,"Madrigal, Nick",1065,14,1,1.3,0.071,0.071,0.071,0.143,0.184,83,35.5,2190,90.1,90.22
641796,"Locastro, Tim",238,3,1,1.3,0.333,0.333,0.333,0.667,0.104,86.2,45,2289,89.2,89.33
689172,"Wisely, Brett",531,7,1,1.3,0.143,0.000,0.143,0.143,0.149,88,41,2398,88.3,88.26
656582,"Joe, Connor",1983,25,4,1.3,0.167,0.125,0.160,0.292,0.209,87.7,36.2,2309,90,90.38
665926,"Giménez, Andrés",2346,31,3,1.3,0.097,0.032,0.097,0.129,0.182,83,37.6,2260,88.9,89.32
661388,"Contreras, William",2419,31,6,1.3,0.200,0.300,0.138,0.500,0.34,90.1,40.9,2284,90,90.51
669221,"Murphy, Sean",1748,22,4,1.3,0.190,0.381,0.100,0.571,0.28,92.1,40.3,2288,90,90.76
656775,"Mullins, Cedric",1782,23,0,1.3,0.000,0.000,0.000,0.000,0.067,88.4,43,2265,90.5,90.9
547379,"Pérez, Roberto",77,1,0,1.3,0.000,0.000,0.000,0.000,0.148,77.1,34,2378,97.9,97.5
543305,"Hicks, Aaron",1354,18,4,1.3,0.222,0.222,0.176,0.444,0.138,86.2,43.3,2246,92.6,93.02
578570,"Querecuto, Juniel",79,1,0,1.3,0.000,0.000,0.000,0.000,0.094,94.3,37,2275,93.6,93.3
669087,"Huff, Sam",159,2,0,1.3,0.000,0.000,0.000,0.000,0.341,95.5,35,1954,87.7,88.25
677592,"Pereira, Everson",388,5,0,1.3,0.000,0.000,0.000,0.000,0.152,94,40.2,2179,92.9,92.94
670032,"Lopez, Nicky",1022,12,1,1.2,0.083,0.083,0.083,0.167,0.115,89.8,36.9,2165,91.9,92.46
656371,"Díaz, Isan",85,1,0,1.2,0.000,0.000,0.000,0.000,0.003,92.7,48,2433,88.5,89.7
467793,"Santana, Carlos",2463,29,4,1.2,0.143,0.071,0.138,0.214,0.105,85.2,41.8,2281,89.7,90.01
676059,"Westburg, Jordan",869,10,1,1.2,0.111,0.333,0.000,0.444,0.269,91.5,41,2246,91.3,91.62
681807,"Fry, David",431,5,2,1.2,0.400,0.400,0.400,0.800,0.202,88,43.6,2298,90.9,91.36
527038,"Flores, Wilmer",1875,23,4,1.2,0.182,0.045,0.174,0.227,0.145,86,44.1,2289,90.1,90.43
596847,"Choi, Ji Man",517,6,0,1.2,0.000,0.000,0.000,0.000,0.355,90.6,36.2,2302,89.2,89.87
571970,"Muncy, Max",2485,30,5,1.2,0.167,0.267,0.107,0.433,0.234,92.2,42.7,2361,90.5,90.75
545350,"Marisnick, Jake",321,4,2,1.2,0.667,0.000,0.500,0.667,0.412,75.9,39.8,2327,91.9,92
553869,"Díaz, Elias",1984,24,3,1.2,0.125,0.125,0.125,0.250,0.136,86.1,42.3,2192,90.3,90.79
649966,"Urías, Luis",741,9,2,1.2,0.222,0.222,0.222,0.444,0.132,88.2,44,2475,88.7,88.93
624641,"Sosa, Edmundo",1126,14,4,1.2,0.286,0.571,0.167,0.857,0.357,89.5,39.1,2349,90.3,90.12
666023,"Fermin, Freddy",921,11,1,1.2,0.100,0.000,0.091,0.100,0.168,88.7,41.4,2250,87.4,87.25
676356,"DeLuca, Jonny",167,2,0,1.2,0.000,0.000,0.000,0.000,0.053,87.2,40.5,2252,90.9,90.9
622666,"Camargo, Johan",81,1,1,1.2,1.000,0.000,1.000,1.000,0.897,67.5,27,2418,91.4,90.4
596129,"Vogelbach, Daniel",1400,17,2,1.2,0.118,0.176,0.063,0.294,0.146,88.4,46.5,2163,94,94.08
455117,"Maldonado, Martín",1584,19,3,1.2,0.158,0.368,0.059,0.526,0.271,91.3,43.3,2202,94.6,94.99
641487,"Crawford, J.P.",2629,31,4,1.2,0.129,0.097,0.129,0.226,0.158,86.4,39.7,2249,91.5,91.64
519317,"Stanton, Giancarlo",1719,20,5,1.2,0.250,0.500,0.118,0.750,0.232,89,42.7,2336,89.8,90.19
657136,"Wong, Connor",1541,18,3,1.2,0.167,0.444,0.063,0.611,0.29,91.1,41.4,2151,88.5,88.58
642851,"Wynns, Austin",604,7,0,1.2,0.000,0.000,0.000,0.000,0.026,86.5,48.1,2247,92.6,92.84
624415,"Biggio, Cavan",1387,17,1,1.2,0.059,0.059,0.059,0.118,0.164,87.3,37.6,2179,89.3,89.68
594807,"Duvall, Adam",1336,16,2,1.2,0.182,0.364,0.067,0.545,0.246,94.2,43.3,2379,91.1,91.72
677587,"Rocchio, Brayan",342,4,1,1.2,0.250,0.000,0.250,0.250,0.27,84.7,34,2432,89.6,90.42
592192,"Canha, Mark",2085,26,3,1.2,0.136,0.273,0.042,0.409,0.127,88.6,39.5,2242,91,91.38
681962,"Capra, Vinny",83,1,0,1.2,0.000,0.000,0.000,0.000,0.141,75.3,45,2100,94.5,94.8
687462,"Horwitz, Spencer",169,2,0,1.2,0.000,0.000,0.000,0.000,0.073,91,30.5,2244,95.6,95.1
679032,"Rojas, Johan",561,7,1,1.2,0.143,0.429,0.000,0.571,0.239,84.6,39,2205,92.2,92.2
667452,"Julks, Corey",1326,16,1,1.2,0.063,0.063,0.063,0.125,0.129,89.2,39.8,2231,91.6,91.8
687799,"Marlowe, Cade",431,5,1,1.2,0.200,0.600,0.000,0.800,0.385,86.7,38.2,1981,87,87.52
666397,"Julien, Edouard",1727,21,13,1.2,0.684,1.316,0.467,2.000,0.622,93.9,33.8,2225,90.9,91.3
623993,"Santander, Anthony",2764,32,7,1.2,0.219,0.188,0.219,0.406,0.206,88.7,40.6,2251,87.8,88.12
614173,"Cordero, Franchy",250,3,0,1.2,0.000,0.000,0.000,0.000,0.045,93.1,46,1958,89.4,89.6
663616,"Larnach, Trevor",915,11,0,1.2,0.000,0.000,0.000,0.000,0.129,90.3,37.8,2289,92.4,92.61
595777,"Profar, Jurickson",2104,26,9,1.2,0.346,0.269,0.320,0.615,0.35,82.6,35.8,2301,91,91.14
677347,"Paris, Kyren",189,2,0,1.1,0.000,0.000,0.000,0.000,0.111,81.8,39,2032,89.8,90.65
669261,"Suwinski, Jack",2281,26,6,1.1,0.240,0.200,0.200,0.440,0.203,85.6,41.4,2299,89,89.27
666181,"Benson, Will",1368,15,4,1.1,0.267,0.467,0.154,0.733,0.228,91.5,42.5,2172,88.8,89.23
518626,"Donaldson, Josh",718,8,1,1.1,0.143,0.429,0.000,0.571,0.254,94.9,45.4,2285,93.5,94.06
572191,"Taylor, Michael A.",1526,17,5,1.1,0.294,0.765,0.077,1.059,0.245,90,42.2,2296,89.5,89.75
664040,"Lowe, Brandon",1718,19,1,1.1,0.056,0.167,0.000,0.222,0.169,91,43.4,2283,90.4,90.4
641313,"Anderson, Tim",1942,22,4,1.1,0.182,0.091,0.182,0.273,0.24,88.4,35.7,2274,89.3,89.34
621439,"Buxton, Byron",1367,15,2,1.1,0.143,0.000,0.133,0.143,0.167,89,45.2,2272,90.8,91.39
642731,"Estrada, Thairo",1923,21,1,1.1,0.048,0.000,0.048,0.048,0.119,86.6,39.4,2321,90.8,90.99
681297,"Cowser, Colton",364,4,0,1.1,0.000,0.000,0.000,0.000,0.134,91.6,39,2515,89.3,90.15
446334,"Longoria, Evan",927,10,1,1.1,0.111,0.000,0.100,0.111,0.276,90.1,40.9,2105,90.9,91.03
682617,"Luciano, Marco",184,2,0,1.1,0.000,0.000,0.000,0.000,0.309,87.9,37.5,2336,91.1,91.15
605170,"Caratini, Victor",805,9,1,1.1,0.125,0.000,0.111,0.125,0.073,83.1,46.1,2026,90.2,90.58
669394,"Burger, Jake",2048,22,9,1.1,0.429,0.905,0.235,1.333,0.636,92.7,36.3,2205,91.6,91.97
673548,"Suzuki, Seiya",2445,28,2,1.1,0.074,0.148,0.037,0.222,0.169,86.9,43.3,2217,88.9,89.38
678894,"Peguero, Liover",811,9,2,1.1,0.222,0.222,0.222,0.444,0.188,85.5,37.9,2260,90,90.22
676609,"Caballero, José",1140,13,0,1.1,0.000,0.000,0.000,0.000,0.085,86.3,41.8,2278,90.4,90.78
665120,"Walsh, Jared",459,5,0,1.1,0.000,0.000,0.000,0.000,0.079,90.6,40.8,2102,92.7,93.28
623507,"Lester, Josh",92,1,0,1.1,0.000,0.000,0.000,0.000,0.106,76.6,39,2590,95.6,96.4
572008,"Owings, Chris",95,1,0,1.1,0.000,0.000,0.000,0.000,0.008,95,54,2049,93.7,94.7
663728,"Raleigh, Cal",2338,25,1,1.1,0.040,0.000,0.040,0.040,0.118,88.3,46.4,2196,91,91.36
676116,"Noda, Ryan",2091,24,3,1.1,0.125,0.167,0.087,0.292,0.162,90.1,45.4,2277,91.2,91.66
624512,"McGuire, Reese",765,8,5,1,0.625,0.625,0.625,1.250,0.125,85.5,38,2238,86.9,87.31
598265,"Bradley Jr., Jackie",408,4,1,1,0.250,0.750,0.000,1.000,0.333,91.2,42.5,2558,90.4,91.38
664029,"Mathias, Mark",299,3,1,1,0.333,0.333,0.333,0.667,0.115,87.7,46,1863,83.7,83.3
656541,"Hilliard, Sam",312,3,0,1,0.000,0.000,0.000,0.000,0.041,92,44,2375,91.6,92.17
677595,"Mauricio, Ronny",401,4,0,1,0.000,0.000,0.000,0.000,0.081,91.8,39,1711,87.7,87.82
543281,"Harrison, Josh",392,4,1,1,0.333,0.333,0.250,0.667,0.088,87.9,39,2195,91.7,92.63
642180,"Wade, Tyler",205,2,0,1,0.000,0.000,0.000,0.000,0.052,81.1,43.5,2291,94,93.3
680779,"Davis, Henry",1031,10,3,1,0.300,0.400,0.222,0.700,0.322,88.7,41.8,2369,91.5,92.27
682829,"De La Cruz, Elly",1755,17,6,1,0.353,0.353,0.313,0.706,0.269,87,41.1,2294,89.1,89.36
686217,"Frelick, Sal",878,9,1,1,0.111,0.111,0.111,0.222,0.13,82.5,42.1,2226,87.8,88.3
664238,"Moore, Dylan",682,7,1,1,0.143,0.429,0.000,0.571,0.578,98,34,2140,93,93.01
572761,"Carpenter, Matt",1014,10,1,1,0.100,0.000,0.100,0.100,0.115,87.7,40.3,2419,91.5,91.18
676914,"Schneider, Davis",583,6,2,1,0.333,0.500,0.333,0.833,0.247,93.5,39,2387,91.2,91.4
660707,"Montero, Elehuris",1165,12,5,1,0.417,0.333,0.417,0.750,0.197,90,37.8,2161,90.3,91
514888,"Altuve, Jose",1557,15,2,1,0.133,0.267,0.071,0.400,0.172,88.1,45.9,2400,93.5,93.75
641598,"Garver, Mitch",1430,15,3,1,0.200,0.200,0.143,0.400,0.263,85.6,37.3,2129,86.8,87.11
657041,"Thomas, Lane",2627,27,2,1,0.080,0.200,0.038,0.280,0.154,91.9,39.4,2216,90.6,90.91
542364,"Ortega, Rafael",583,6,2,1,0.333,0.000,0.333,0.333,0.276,77.9,37.7,2305,87.2,86.8
622569,"Reyes, Pablo",709,7,2,1,0.286,0.000,0.286,0.286,0.263,81.7,39.3,2291,89.8,89.77
543543,"Miller, Brad",291,3,1,1,0.333,0.333,0.333,0.667,0.067,83.2,52.7,2369,94.1,95.4
592656,"Ramos, Henry",311,3,1,1,0.333,0.000,0.333,0.333,0.046,82.4,48,2344,92.1,92.63
641432,"Calhoun, Willie",562,5,1,0.9,0.200,0.200,0.200,0.400,0.227,88.9,36.8,2181,93,94
663698,"Bart, Joey",350,3,0,0.9,0.000,0.000,0.000,0.000,0.039,91.1,39.3,2365,94.8,95.57
600301,"Motter, Taylor",324,3,1,0.9,0.333,0.000,0.333,0.333,0.366,83.9,41,2232,90.1,91.53
656448,"Garrett, Stone",1039,9,0,0.9,0.000,0.000,0.000,0.000,0.23,87.2,40.6,2331,89.2,89.29
681351,"O'Hoppe, Logan",761,7,0,0.9,0.000,0.000,0.000,0.000,0.121,93.5,43.3,2291,91.1,91.7
669304,"Miranda, Jose",545,5,1,0.9,0.200,0.000,0.200,0.200,0.183,80.5,46.6,2299,91.7,92.56
592669,"Renfroe, Hunter",2107,20,2,0.9,0.100,0.200,0.053,0.300,0.113,88.7,41.8,2251,92.5,92.96
666018,"Aranda, Jonathan",449,4,1,0.9,0.250,0.000,0.250,0.250,0.124,84.6,46.8,2365,88.8,87.92
666915,"Dalbec, Bobby",229,2,0,0.9,0.000,0.000,0.000,0.000,0.029,90.3,41,1877,85.3,85
608701,"Refsnyder, Rob",1004,9,0,0.9,0.000,0.000,0.000,0.000,0.254,90.1,35.9,2271,91.9,92.33
668472,"Pratto, Nick",1452,13,5,0.9,0.385,0.077,0.385,0.462,0.242,84.3,38.5,2319,91.6,91.95
673490,"Kim, Ha-Seong",2727,25,3,0.9,0.120,0.080,0.120,0.200,0.096,84.5,40.4,2262,89.3,89.38
696285,"Young, Jacob",466,4,0,0.9,0.000,0.000,0.000,0.000,0.152,89.4,34.3,2423,88.8,89.53
678545,"Basabe, Osleivis",344,3,0,0.9,0.000,0.000,0.000,0.000,0.058,93.1,43,2310,92.5,92.2
608336,"Gallo, Joey",1428,13,2,0.9,0.154,0.308,0.083,0.462,0.109,91.9,49.8,2117,91.1,91.04
571466,"Barnhart, Tucker",503,4,0,0.8,0.000,0.000,0.000,0.000,0.046,86.1,41,2029,91.5,92.2
665506,"Pache, Cristian",382,3,1,0.8,0.333,0.333,0.333,0.667,0.379,93.3,35.7,2324,87.3,86.9
656403,"Ellis, Drew",128,1,0,0.8,0.000,0.000,0.000,0.000,0.008,90.2,50,2286,94.3,95.4
672724,"Peraza, Oswald",721,6,0,0.8,0.000,0.000,0.000,0.000,0.198,87.5,37.8,2208,90.1,90.23
518792,"Heyward, Jason",1439,11,2,0.8,0.182,0.000,0.182,0.182,0.291,86.4,40.2,2143,91.1,91.73
608385,"Winker, Jesse",831,7,0,0.8,0.000,0.000,0.000,0.000,0.186,89.6,38.9,2285,90.8,91.26
671289,"Freeman, Tyler",636,5,0,0.8,0.000,0.000,0.000,0.000,0.107,89.2,34,2062,88.8,89.16
667472,"Myers, Dane",262,2,1,0.8,0.500,1.500,0.000,2.000,0.296,95.6,33.5,2541,81,81.35
678009,"Meadows, Parker",594,5,0,0.8,0.000,0.000,0.000,0.000,0.022,90.1,43,2130,89.6,89.66
572138,"Singleton, Jon",422,3,0,0.7,0.000,0.000,0.000,0.000,0.069,89.4,41.3,2249,87.3,87.03
571976,"Myers, Wil",552,4,0,0.7,0.000,0.000,0.000,0.000,0.105,94.2,43.3,2356,91.1,92.17
670623,"Paredes, Isaac",2366,16,2,0.7,0.125,0.125,0.125,0.250,0.11,85.8,41.2,2208,91.7,91.43
666801,"Castro, Rodolfo",1002,7,1,0.7,0.143,0.143,0.143,0.286,0.212,86.3,35.1,2060,84,83.99
676480,"Barrero, Jose",584,4,0,0.7,0.000,0.000,0.000,0.000,0.088,85.5,46,2140,87.1,87.18
621550,"Wisdom, Patrick",1318,9,1,0.7,0.111,0.222,0.111,0.333,0.22,91.8,45,2190,93.5,93.76
614177,"Reyes, Franmil",293,2,0,0.7,0.000,0.000,0.000,0.000,0.014,97.4,50,2262,92.3,91.9
656941,"Schwarber, Kyle",3068,21,7,0.7,0.333,0.524,0.222,0.857,0.375,90.6,41.5,2266,91.2,91.33
660620,"Araúz, Jonathan",273,2,0,0.7,0.000,0.000,0.000,0.000,0.022,82.6,42,2190,93.8,93.65
682073,"Hensley, David",404,3,0,0.7,0.000,0.000,0.000,0.000,0.038,89.6,38.7,2284,86.3,85.27
621466,"Stewart, DJ",748,5,1,0.7,0.200,0.000,0.200,0.200,0.226,84.8,38.2,2351,88.3,87.94
542208,"Pérez, Carlos",738,5,1,0.7,0.200,0.200,0.200,0.400,0.105,88.2,39.4,2287,95.4,95.18
693049,"Colás, Oscar",934,7,1,0.7,0.167,0.167,0.143,0.333,0.254,88.2,35.6,2094,88.2,88.86
660766,"Yepez, Juan",271,2,0,0.7,0.000,0.000,0.000,0.000,0.174,93.6,45.5,2220,89.6,90.6
694497,"Carter, Evan",336,2,0,0.6,0.000,0.000,0.000,0.000,0.019,84.4,45,2428,91.2,90.4
623168,"Heineman, Tyler",181,1,1,0.6,1.000,0.000,1.000,1.000,0.309,62.2,42,2681,92.7,93.4
666197,"Kessinger, Grae",165,1,1,0.6,1.000,0.000,1.000,1.000,0.46,72.4,32,1262,47.6,46.5
675986,"Smith-Njigba, Canaan",159,1,1,0.6,1.000,1.000,1.000,2.000,0.899,101.5,24,2304,88,88.4
572287,"Zunino, Mike",606,3,2,0.5,0.667,1.000,0.500,1.667,0.475,82.2,37,2368,93.9,94.57
656024,"Pérez, Carlos",197,1,0,0.5,0.000,0.000,0.000,0.000,0.03,85.4,34,2271,94.9,95.4
671056,"Herrera, Iván",200,1,1,0.5,1.000,0.000,1.000,1.000,0.895,70.9,25,2044,95.4,94.2
670223,"Mervis, Matt",405,2,0,0.5,0.000,0.000,0.000,0.000,0.23,95.1,30,2265,87.7,87.65
573131,"Ruf, Darin",264,1,0,0.4,0.000,0.000,0.000,0.000,0.036,93.8,42,2354,81.4,81.7
666176,"Adell, Jo",261,1,0,0.4,0.000,0.000,0.000,0.000,0.128,90.4,31,2407,94.5,94.3
607461,"Beaty, Matt",271,1,0,0.4,0.000,0.000,0.000,0.000,0.082,92,34,1980,96.2,94.8
685133,"Meckler, Wade",271,1,0,0.4,0.000,0.000,0.000,0.000,0.46,72.4,32,2434,92.4,92
621545,"Remillard, Zach",576,2,0,0.3,0.000,0.000,0.000,0.000,0.007,87,40.5,2258,93.9,94