player_id,player_name,total_pitches,swings,hits,pulled_fb%,ba,iso,babip,slg,xwoba,launch_speed,launch_angle,spin_rate,velocity,effective_speed
656821,Kevin Padlo,23,2,1,8.7,0.500,0.500,0.500,1.000,0.512,100.3,43,2309,89,90.15
444489,Manny Piña,47,2,1,4.3,0.500,1.500,0.000,2.000,0.442,96.8,33.5,2693,91.4,91.75
663330,Jahmai Jones,49,2,0,4.1,0.000,0.000,0.000,0.000,0.011,92.7,44.5,2427,91.1,91.4
661531,Brian Serven,77,3,0,3.9,0.000,0.000,0.000,0.000,0.227,84.1,33.3,2279,92.9,94.13
594807,Adam Duvall,1336,47,28,3.5,0.596,1.213,0.387,1.809,0.743,96.1,35.3,2235,88.5,88.7
672279,Michael Siani,29,1,0,3.4,0.000,0.000,0.000,0.000,0.25,98.7,39,2106,91.7,92
664954,Brett Sullivan,300,10,1,3.3,0.100,0.300,0.000,0.400,0.31,86.7,33.4,2137,87.4,87.36
593643,Hanser Alberto,273,9,3,3.3,0.333,1.000,0.000,1.333,0.202,91.1,34.8,2446,86.5,86.59
644433,Chadwick Tromp,62,2,0,3.2,0.000,0.000,0.000,0.000,0.092,95.1,40,2521,78.6,78.85
666197,Grae Kessinger,165,5,1,3,0.200,0.600,0.000,0.800,0.386,92.6,39.4,2246,84.3,83.9
676356,Jonny DeLuca,167,5,2,3,0.400,1.200,0.000,1.600,0.513,90.1,37.2,1924,79.6,79.08
647351,Abraham Toro,69,2,1,2.9,0.500,1.500,0.000,2.000,0.78,91.1,35.5,1844,89.8,90.15
643376,Danny Jansen,1185,33,17,2.8,0.515,1.485,0.059,2.000,0.674,94.7,34.7,2283,86.9,86.98
543760,Marcus Semien,2799,77,31,2.8,0.403,1.039,0.115,1.442,0.44,93.4,36.3,2254,87.7,87.87
666149,Tyler Fitzgerald,147,4,2,2.7,0.500,1.500,0.000,2.000,0.34,97.1,42.3,2348,79.8,80.03
680700,Richie Palacios,408,11,8,2.7,0.800,1.900,0.400,2.700,0.636,93.9,32.9,2384,86.5,86.81
676391,Ernie Clement,155,4,1,2.6,0.250,0.750,0.000,1.000,0.423,90.1,43.3,2229,88,87.88
680418,Tyler Cropley,38,1,0,2.6,0.000,0.000,0.000,0.000,0.051,91.9,39,2749,87,87.2
621438,Tyrone Taylor,889,23,13,2.6,0.565,1.348,0.286,1.913,0.64,96.2,34.1,2244,89,89.44
666211,Taylor Trammell,239,6,2,2.5,0.333,1.000,0.000,1.333,0.836,103.3,42.3,2245,89.9,90.12
691176,Jasson Domínguez,120,3,2,2.5,0.667,2.000,0.000,2.667,0.498,93.3,38.3,2320,84.9,84.4
668800,Andrew Knizner,831,21,9,2.5,0.450,1.350,0.000,1.800,0.719,96.1,32.1,2209,85.1,85.4
518626,Josh Donaldson,718,18,10,2.5,0.556,1.667,0.000,2.222,0.999,102.3,35.2,2281,86.8,87.03
656248,Sean Bouchard,162,4,4,2.5,1.000,3.000,,4.000,1.395,106.2,30.5,2244,91.1,91.63
670623,Isaac Paredes,2366,59,31,2.5,0.534,1.517,0.067,2.052,0.462,93.7,37.1,2276,88.5,88.71
542208,Carlos Pérez,738,18,7,2.4,0.412,0.882,0.154,1.294,0.508,91.5,36.1,2203,89.7,90.02
621532,Anthony Bemboom,42,1,1,2.4,1.000,0.000,1.000,1.000,0.371,65,44,2188,94.2,94.4
656371,Isan Díaz,85,2,0,2.4,0.000,0.000,0.000,0.000,0.038,93.1,45,2366,88.1,87.8
663728,Cal Raleigh,2338,55,27,2.4,0.500,1.444,0.067,1.944,0.73,97.7,36.2,2226,88.8,88.99
681351,Logan O'Hoppe,761,18,13,2.4,0.722,1.889,0.286,2.611,1.028,98.2,30.9,2210,88.3,88.79
677008,Heston Kjerstad,124,3,1,2.4,0.333,1.000,0.000,1.333,0.403,91,36,1873,88.7,88.4
663967,César Salazar,82,2,0,2.4,0.000,0.000,0.000,0.000,0.053,91.9,41,2671,85.7,85.4
527038,Wilmer Flores,1875,44,20,2.3,0.455,1.227,0.111,1.682,0.537,94.1,38.1,2264,87.7,87.94
645801,Mike Ford,1032,24,15,2.3,0.625,1.792,0.100,2.417,0.896,100.6,35,2167,91,91.31
572761,Matt Carpenter,1014,23,6,2.3,0.273,0.727,0.056,1.000,0.45,92.8,35.3,2247,90.8,90.95
488726,Michael Brantley,220,5,2,2.3,0.400,1.200,0.000,1.600,0.071,92.3,42.6,2377,87.7,87.64
676724,Jared Young,174,4,3,2.3,0.750,2.000,0.500,2.750,1.002,97.7,30.5,1948,90.8,91.53
656403,Drew Ellis,128,3,1,2.3,0.333,1.000,0.000,1.333,0.637,98.1,41,2153,92.4,93.2
571448,Nolan Arenado,2285,53,21,2.3,0.420,1.060,0.111,1.480,0.569,92.9,35,2186,87.3,87.68
660620,Jonathan Araúz,273,6,3,2.2,0.500,1.500,0.000,2.000,0.544,92.4,40.3,2194,85.7,85.43
642336,Francisco Mejía,578,13,6,2.2,0.462,1.231,0.125,1.692,0.429,92.9,34,2300,88.5,88.85
605361,Nick Martini,314,7,5,2.2,0.714,2.143,0.000,2.857,0.739,98.8,33.6,2343,88,87.76
686469,Vinnie Pasquantino,1013,22,9,2.2,0.429,1.143,0.071,1.571,0.556,94.2,36.1,2090,87.3,87.46
677941,Jordyn Adams,138,3,1,2.2,0.500,0.000,0.333,0.500,0.275,85.4,32.7,2037,88.6,88.83
665804,Miguel Amaya,624,14,6,2.2,0.462,1.231,0.111,1.692,0.577,92.8,34.5,2195,86.8,87.17
608070,José Ramírez,2610,58,22,2.2,0.379,0.931,0.163,1.310,0.512,94.2,35.8,2268,88.4,88.76
607680,Kevin Pillar,756,17,9,2.2,0.529,1.412,0.111,1.941,0.606,93.3,38.4,2242,89.3,89.5
660766,Juan Yepez,271,6,3,2.2,0.500,1.000,0.250,1.500,0.674,82,32.2,2188,82.2,82.57
608336,Joey Gallo,1428,32,20,2.2,0.625,1.563,0.294,2.188,0.887,103.2,39,2227,90.5,90.59
676914,Davis Schneider,583,13,10,2.2,0.769,2.000,0.400,2.769,0.875,99.7,33.4,2216,90.2,90.36
663796,Coco Montes,141,3,1,2.1,0.333,1.000,0.000,1.333,0.232,94.1,33,2229,85.3,85.4
645277,Ozzie Albies,2563,53,36,2.1,0.706,1.706,0.370,2.412,0.661,96.2,35,2219,89.6,89.99
609280,Miguel Andujar,327,7,4,2.1,0.571,0.857,0.400,1.429,0.594,88.8,35.3,2244,85.8,86.47
605141,Mookie Betts,2712,57,33,2.1,0.600,1.600,0.172,2.200,0.789,99.2,34,2292,88,88.2
663656,Kyle Tucker,2570,55,23,2.1,0.460,1.280,0.059,1.740,0.655,94.6,35.5,2135,87.4,87.39
664056,Harrison Bader,1238,26,7,2.1,0.280,0.640,0.095,0.920,0.45,92.1,35.5,2314,88.2,88.51
681807,David Fry,431,9,5,2.1,0.556,1.444,0.200,2.000,0.739,99,33.9,2067,88,88.1
592669,Hunter Renfroe,2107,45,17,2.1,0.386,1.068,0.067,1.455,0.532,94,35,2363,84.9,85.03
642350,Jose Siri,1340,28,17,2.1,0.607,1.643,0.154,2.250,0.78,98.5,34.6,2259,88.2,88.4
686527,Dominic Canzone,605,13,6,2.1,0.462,1.385,0.000,1.846,0.694,98.6,35.4,2289,90.2,90.57
642215,Weston Wilson,96,2,1,2.1,0.500,1.500,0.000,2.000,0.945,89.4,40,2291,85.6,85.95
571970,Max Muncy,2485,53,29,2.1,0.569,1.569,0.111,2.137,0.827,98.8,35.1,2276,87.6,87.93
641796,Tim Locastro,238,5,2,2.1,0.400,0.600,0.250,1.000,0.714,81,37,1885,81.1,81.06
686681,Michael Massey,1841,39,17,2.1,0.447,1.184,0.120,1.632,0.616,94.7,36.9,2249,87.3,87.94
662139,Daulton Varsho,2313,46,17,2,0.370,1.000,0.094,1.370,0.571,95,36.7,2183,88.9,89.37
643393,Tony Kemp,1481,29,9,2,0.333,0.667,0.167,1.000,0.263,89.7,35.1,2302,90.3,90.64
656775,Cedric Mullins,1782,36,15,2,0.441,1.235,0.087,1.676,0.441,92.7,36.6,2319,89.7,89.8
623993,Anthony Santander,2764,55,28,2,0.519,1.241,0.206,1.759,0.69,96.6,33.8,2246,89.2,89.51
621550,Patrick Wisdom,1318,26,14,2,0.538,1.385,0.143,1.923,0.817,97.7,34.8,2243,88.2,88.21
596019,Francisco Lindor,2741,54,24,2,0.471,1.294,0.091,1.765,0.603,96.8,35.8,2165,89,89.25
665120,Jared Walsh,459,9,3,2,0.333,0.667,0.143,1.000,0.36,89.7,39.2,2224,90.6,91.28
679529,Spencer Torkelson,2814,55,29,2,0.527,1.364,0.161,1.891,0.841,97.2,33.7,2234,87.2,87.4
641598,Mitch Garver,1430,29,13,2,0.448,1.241,0.059,1.690,0.679,94.2,37.3,2245,86.4,86.57
669127,Shea Langeliers,1921,38,17,2,0.447,1.237,0.087,1.684,0.707,98.3,37.8,2289,88.1,88.41
669087,Sam Huff,159,3,2,1.9,0.667,2.000,0.000,2.667,1.223,101.6,34.7,2215,82.5,82.4
656185,Greg Allen,106,2,2,1.9,1.000,2.000,1.000,3.000,0.287,94.8,28,2222,95.1,96.8
663743,Nick Fortes,1129,21,5,1.9,0.238,0.714,0.000,0.952,0.37,90.9,40.3,2328,85.1,85.2
453568,Charlie Blackmon,1518,29,8,1.9,0.276,0.828,0.000,1.103,0.443,93.4,38.7,2288,85.9,86.55
641680,Jonah Heim,1996,37,16,1.9,0.457,1.143,0.125,1.600,0.644,94.6,35,2353,87.5,87.66
676480,Jose Barrero,584,11,5,1.9,0.455,0.636,0.333,1.091,0.676,86.5,37.2,2302,88.4,88.85
642731,Thairo Estrada,1923,37,18,1.9,0.486,1.108,0.240,1.595,0.607,94.1,33.4,2221,86.8,87.08
542303,Marcell Ozuna,2366,44,24,1.9,0.545,1.523,0.091,2.068,0.834,98.3,36.7,2245,87.6,87.94
668670,Jake Rogers,1432,27,18,1.9,0.667,1.852,0.182,2.519,0.945,99.1,32.3,2158,88.3,88.45
621466,DJ Stewart,748,14,9,1.9,0.643,1.786,0.167,2.429,0.906,99.3,35.1,2245,88.3,88.18
657041,Lane Thomas,2627,50,22,1.9,0.449,1.224,0.097,1.673,0.664,97,35.2,2345,87.6,87.93
641584,Jake Fraley,1420,27,13,1.9,0.481,1.259,0.125,1.741,0.547,92.9,34.1,2159,89.6,89.92
596847,Ji Man Choi,517,10,5,1.9,0.556,1.222,0.286,1.778,0.817,102.2,36.2,2466,87.4,86.53
446334,Evan Longoria,927,18,8,1.9,0.500,1.500,0.000,2.000,0.796,101.1,36.8,2324,87.9,87.99
676761,Irving Lopez,52,1,0,1.9,,,0,,0.023,81.4,40,2378,98.8,98.7
455117,Martín Maldonado,1584,29,15,1.8,0.517,1.276,0.176,1.793,0.652,94,35.4,2365,86.8,86.93
658668,Edward Olivares,1420,26,11,1.8,0.44,1.12,0.118,1.56,0.633,93,34.8,2346,84.5,84.88
656941,Kyle Schwarber,3068,55,27,1.8,0.5,1.463,0.034,1.963,0.756,96.7,33.7,2244,87.9,87.93
641432,Willie Calhoun,562,10,3,1.8,0.3,0.9,0,1.2,0.327,88.5,40,2244,89.3,89.76
596142,Gary Sánchez,1091,20,12,1.8,0.6,1.6,0.2,2.2,0.803,97.7,34,2278,87,87.37
592696,Eddie Rosario,1908,34,18,1.8,0.529,1.265,0.238,1.794,0.67,94.9,34,2103,88.7,88.97
624413,Pete Alonso,2567,46,22,1.8,0.512,1.326,0.143,1.837,0.798,99.6,35.2,2174,89.4,89.74
657757,Gavin Sheets,1421,25,8,1.8,0.348,0.87,0.105,1.217,0.403,93.4,36,2398,89,89.43
664770,Nathan Lukes,112,2,0,1.8,0,0,0,0,0.371,93.8,41.5,2375,85.7,86.05
657557,Paul DeJong,1424,25,9,1.8,0.36,0.96,0.059,1.32,0.552,94.4,36.3,2330,85.1,85.44
621439,Byron Buxton,1367,24,10,1.8,0.417,1.25,0,1.667,0.577,94.8,36.6,2174,87.8,88.32
641355,Cody Bellinger,2158,38,18,1.8,0.5,1.389,0.091,1.889,0.579,93.9,35.2,2229,87.5,87.68
607461,Matt Beaty,271,5,3,1.8,0.6,0.4,0.6,1,0.202,91.5,36,2303,89.4,89.38
519058,Mike Moustakas,1502,27,10,1.8,0.435,1.304,0,1.739,0.624,96.7,35.8,2278,89.1,89.29
573262,Mike Yastrzemski,1573,28,16,1.8,0.571,1.357,0.294,1.929,0.623,94.7,35.6,2341,87.6,87.7
682626,Francisco Alvarez,1622,29,20,1.8,0.69,1.621,0.357,2.31,0.886,96,33.2,2330,85.7,85.93
593871,Jorge Polanco,1400,25,15,1.8,0.625,1.5,0.286,2.125,0.867,100.5,34.8,2228,88.8,89.04
666160,Mickey Moniak,1161,21,10,1.8,0.476,1.238,0.154,1.714,0.678,96.5,35.5,2312,86.2,86.23
660688,Keibert Ruiz,1887,32,15,1.7,0.484,1.161,0.15,1.645,0.53,92,33.6,2224,89.5,89.87
641531,Hunter Dozier,344,6,2,1.7,0.333,1,0,1.333,0.478,91.3,35.8,2417,86.6,86.52
664247,Kyle Garlick,120,2,2,1.7,1,3,,4,1.613,103.6,30.5,2431,80.9,80.85
608324,Alex Bregman,2789,48,26,1.7,0.553,1.447,0.154,2,0.544,91.8,33.3,2186,88.2,88.27
458015,Joey Votto,938,16,9,1.7,0.563,1.688,0,2.25,0.861,101.1,35.9,2342,90.2,90.56
676369,Nelson Velázquez,704,12,9,1.7,0.75,2.25,0,3,1.143,100.3,31,2108,87.6,87.69
624641,Edmundo Sosa,1126,19,8,1.7,0.421,1,0.154,1.421,0.561,92.1,36.1,2251,85,84.81
596059,Rougned Odor,585,10,4,1.7,0.4,1.2,0,1.6,0.602,94.8,34.6,2373,87.3,87.7
592626,Joc Pederson,1723,30,9,1.7,0.3,0.833,0.087,1.133,0.518,96.3,39.4,2282,88.2,88.66
666971,Lourdes Gurriel Jr.,2216,38,24,1.7,0.632,1.605,0.263,2.237,0.675,94.8,32.5,2203,86.2,86.29
681546,James Outman,2352,40,22,1.7,0.55,1.35,0.25,1.9,0.766,94.4,33.8,2306,86.6,87.09
647304,Josh Naylor,1649,28,18,1.7,0.692,1.615,0.333,2.308,0.914,96.9,30.6,2229,86.1,86.49
666023,Freddy Fermin,921,16,10,1.7,0.625,1.438,0.333,2.063,0.853,96.7,32.3,2202,85,85.63
543309,Kyle Higashioka,1010,17,8,1.7,0.533,1.467,0.1,2,0.741,95.8,32.8,2225,86.3,86.73
669369,Bryce Johnson,176,3,2,1.7,0.667,1,0.5,1.667,0.76,91.9,35,2208,87.8,87
553882,Omar Narváez,576,10,3,1.7,0.333,0.667,0.125,1,0.338,89.5,36.6,2363,89.1,89.34
673237,Yainer Diaz,1298,21,14,1.6,0.7,2.1,0,2.8,0.972,101.8,34.2,2166,86.4,86.21
664913,Seth Brown,1442,23,12,1.6,0.522,1.261,0.214,1.783,0.612,96.3,35,2279,88.6,89.03
665828,Oswaldo Cabrera,1221,20,6,1.6,0.3,0.65,0.125,0.95,0.251,89.6,35.8,2224,87.2,87.23
500871,Eduardo Escobar,1236,20,8,1.6,0.4,0.9,0.2,1.3,0.4,94.2,38.1,2158,89.8,90.24
608369,Corey Seager,1846,30,20,1.6,0.667,1.867,0.167,2.533,0.893,99,33.2,2273,86.7,86.68
669357,Nolan Gorman,1889,31,20,1.6,0.667,1.767,0.214,2.433,1.069,99.8,33.9,2327,87,87.19
664238,Dylan Moore,682,11,8,1.6,0.727,1.545,0.5,2.273,0.895,97.9,33,2239,87.2,87.08
687799,Cade Marlowe,431,7,1,1.6,0.143,0.429,0,0.571,0.167,90.8,38.7,2391,87.1,87.23
672695,Geraldo Perdomo,2064,32,6,1.6,0.194,0.452,0.071,0.645,0.193,89.4,38.2,2267,90.5,90.74
543939,Kolten Wong,984,16,5,1.6,0.333,0.8,0.083,1.133,0.339,88.6,36.6,2237,84.8,84.85
571657,Kyle Farmer,1398,22,12,1.6,0.545,1.409,0.167,1.955,0.794,94.8,33.6,2210,83.8,83.96
641856,Billy McKinney,611,10,7,1.6,0.7,1.8,0.25,2.5,1.01,96.1,34.6,2188,90.6,90.93
543257,Robbie Grossman,1716,28,14,1.6,0.538,1.308,0.222,1.846,0.517,96.4,34.9,2348,87,87.25
669222,Nick Senzel,1189,19,11,1.6,0.579,1.421,0.2,2,0.53,93.8,38.8,2361,87.3,87.33
666624,Christopher Morel,1655,27,15,1.6,0.577,1.538,0.143,2.115,0.879,97.3,36.5,2195,85.6,85.65
669257,Will Smith,2292,36,14,1.6,0.4,1.086,0.083,1.486,0.441,91.7,36.2,2186,84.4,84.54
572233,Christian Walker,2671,42,22,1.6,0.537,1.195,0.259,1.732,0.586,90.9,37.5,2300,87.2,87.46
673357,Luis Robert Jr.,2200,36,23,1.6,0.657,1.629,0.278,2.286,0.943,97.7,32.9,2266,86.3,86.69
642715,Willy Adames,2596,41,18,1.6,0.45,0.95,0.233,1.4,0.668,93.8,33.9,2298,88.9,89.24
668904,Royce Lewis,906,14,7,1.5,0.5,1.5,0,2,0.58,95.8,38.5,2403,87.4,87.71
600301,Taylor Motter,324,5,1,1.5,0.2,0,0.2,0.2,0.227,85.2,46.6,2334,88.7,88.62
543068,C.J. Cron,1068,16,9,1.5,0.563,1.25,0.3,1.813,0.623,94.9,35.9,2262,87.4,87.87
600869,Jeimer Candelario,2333,35,16,1.5,0.485,1.242,0.136,1.727,0.597,96.1,34.1,2365,87.9,88.14
649966,Luis Urías,741,11,4,1.5,0.364,0.727,0.222,1.091,0.545,92.1,37.8,2259,88.8,89.19
665839,Enmanuel Valdez,610,9,5,1.5,0.556,1.444,0.2,2,0.995,96.8,29.6,2413,85.4,85.45
682848,Endy Rodríguez,776,12,3,1.5,0.273,0.455,0.182,0.727,0.392,95.5,36.4,2291,89.8,90.08
519203,Anthony Rizzo,1670,25,13,1.5,0.52,1.36,0.143,1.88,0.546,94.7,35.1,2264,89.7,89.94
521692,Salvador Perez,2061,31,15,1.5,0.5,1.133,0.2,1.633,0.637,94.6,34.3,2305,87.1,87.58
691406,Junior Caminero,134,2,0,1.5,0,0,0,0,0.023,85.8,40,2494,82.7,82
621566,Matt Olson,3092,46,26,1.5,0.578,1.667,0.091,2.244,0.845,100.3,36.1,2281,87.9,88.21
656024,Carlos Pérez,197,3,2,1.5,0.667,1.333,0.5,2,0.743,95.7,37,2269,89.7,89.8
666176,Jo Adell,261,4,2,1.5,0.5,1.5,0,2,0.62,101,37.5,2296,87.7,87.33
663897,Luke Williams,67,1,0,1.5,0,0,0,0,0.007,85.1,39,1460,52.2,50.5
602074,Yonathan Daza,275,4,0,1.5,0,0,0,0,0.436,87.9,31.8,2181,88,87.35
594777,Kole Calhoun,681,10,6,1.5,0.667,1.778,0.2,2.444,0.656,96.7,32.7,2241,92.1,92.63
687952,Christian Encarnacion-Strand,936,14,9,1.5,0.643,1.929,0,2.571,0.982,100.1,34.6,2228,84.8,85.19
670097,Zack Short,1027,15,8,1.5,0.533,1.4,0.125,1.933,0.703,92.4,33.6,2383,86.6,86.93
467793,Carlos Santana,2463,36,21,1.5,0.583,1.611,0.118,2.194,0.804,97.3,31.3,2323,87.8,88.08
592178,Kris Bryant,1281,19,9,1.5,0.474,1.211,0.167,1.684,0.581,95.7,36.5,2318,86.9,87.39
683011,Anthony Volpe,2335,34,16,1.5,0.471,1.088,0.217,1.559,0.698,95.5,32.1,2246,88.2,88.55
673490,Ha-Seong Kim,2727,40,17,1.5,0.447,1.132,0.148,1.579,0.465,91.4,35.4,2250,89.1,89.25
572816,Corey Dickerson,546,8,3,1.5,0.375,1,0.167,1.375,0.4,89.4,39.4,2475,90.4,90.83
621035,Chris Taylor,1622,24,10,1.5,0.417,1.042,0.125,1.458,0.788,96.7,35.3,2219,90.1,90.33
666969,Adolis García,2562,39,20,1.5,0.513,1.333,0.136,1.846,0.871,99.2,33.9,2313,86.6,86.71
595879,Javier Báez,1970,29,10,1.5,0.357,0.714,0.174,1.071,0.446,91.1,36.7,2292,84.2,84.59
607208,Trea Turner,2675,40,23,1.5,0.59,1.59,0.15,2.179,0.734,96.5,34.3,2158,87.6,87.79
664040,Brandon Lowe,1718,26,14,1.5,0.538,1.462,0.143,2,0.733,98.2,35.7,2289,86,86.16
691783,Jordan Lawlar,134,2,0,1.5,0,0,0,0,0.28,77.3,35,2262,93.1,92.65
474832,Brandon Belt,1801,27,15,1.5,0.556,1.259,0.294,1.815,0.727,98.3,35.5,2215,90.2,90.49
656811,Ryan O'Hearn,1451,22,13,1.5,0.591,1.455,0.25,2.045,0.731,96.5,33,2318,87,87.14
624585,Jorge Soler,2315,35,19,1.5,0.543,1.343,0.2,1.886,0.775,95.6,34.3,2255,88.3,88.36
666310,Bo Naylor,1011,15,7,1.5,0.5,1.5,0,2,0.672,93.6,34.7,2215,84.7,84.68
660707,Elehuris Montero,1165,18,7,1.5,0.412,1.118,0.083,1.529,0.34,89.9,37.8,2342,84,84.52
681481,Kerry Carpenter,1761,27,15,1.5,0.556,1.37,0.25,1.926,0.795,98.1,34.1,2126,87.8,88.2
598265,Jackie Bradley Jr.,408,6,0,1.5,0,0,0,0,0.208,90.4,43.2,2477,88.2,89
545341,Randal Grichuk,1721,26,14,1.5,0.538,1.385,0.143,1.923,0.661,93.1,38.2,2273,88.1,88.6
518792,Jason Heyward,1439,21,8,1.5,0.4,0.95,0.133,1.35,0.329,91.2,37.2,2085,90,90.61
669720,Austin Hays,2122,31,16,1.5,0.533,1.1,0.318,1.633,0.666,94.2,35.2,2197,87.7,88.15
650859,Luis Rengifo,1676,23,10,1.4,0.435,1.304,0,1.739,0.689,96.5,36.9,2327,87.8,87.55
669242,Tommy Edman,1809,26,13,1.4,0.52,1.28,0.188,1.8,0.652,92.7,33.6,2241,86.6,86.74
606466,Ketel Marte,2483,35,15,1.4,0.429,1.2,0.048,1.629,0.525,93.4,35.8,2195,87.4,87.89
668715,Spencer Steer,2684,37,17,1.4,0.472,1.361,0.048,1.833,0.679,97,33.5,2279,87.7,88.13
595777,Jurickson Profar,2104,30,9,1.4,0.3,0.667,0.125,0.967,0.287,90.1,39.6,2178,87.3,87.92
670770,TJ Friedl,2194,31,13,1.4,0.419,1.161,0.053,1.581,0.406,90.6,34.2,2198,89.6,89.76
543543,Brad Miller,291,4,1,1.4,0.25,0.25,0.25,0.5,0.403,91.8,35,1902,75.9,75.85
514888,Jose Altuve,1557,22,16,1.4,0.727,1.636,0.5,2.364,0.683,94.7,33.5,2222,89.8,89.92
657088,Forrest Wall,71,1,1,1.4,1,3,,4,0.345,99,37,2258,94.5,93.3
664034,Ty France,2425,33,10,1.4,0.303,0.697,0.115,1,0.566,92.9,38.5,2315,84.9,85.2
682928,CJ Abrams,2212,31,16,1.4,0.533,1.4,0.167,1.933,0.554,95.5,33.9,2089,87.3,87.54
605170,Victor Caratini,805,11,5,1.4,0.455,1.182,0.143,1.636,0.614,90.8,33.4,2242,89.6,90.26
665155,Nick Maton,1243,18,7,1.4,0.412,1.118,0.083,1.529,0.515,96.2,34.5,2192,87.8,88.44
646240,Rafael Devers,2579,36,22,1.4,0.611,1.583,0.222,2.194,0.947,99.7,34.7,2311,87.8,88.04
669261,Jack Suwinski,2281,33,18,1.4,0.581,1.742,0,2.323,0.968,100.1,35.9,2223,87.6,87.93
668942,Josh Rojas,1350,19,5,1.4,0.278,0.667,0.067,0.944,0.383,87.2,38.2,2137,85.2,85.61
664774,LaMonte Wade Jr.,2102,29,14,1.4,0.5,1.179,0.211,1.679,0.652,96.4,37.1,2305,90.3,90.68
457759,Justin Turner,2670,38,27,1.4,0.711,1.421,0.5,2.132,0.698,96.3,33.6,2275,87.9,88.1
671289,Tyler Freeman,636,9,5,1.4,0.625,1.25,0.333,1.875,0.688,91.1,35.8,2297,86,85.63
682641,Luis Matos,901,13,4,1.4,0.308,0.615,0.182,0.923,0.35,86.5,33.5,2153,89,88.67
613564,Jason Vosler,291,4,3,1.4,0.75,1.75,0.5,2.5,0.926,102.9,33.8,2100,89.4,89.55
543877,Christian Vázquez,1324,18,6,1.4,0.333,0.722,0.143,1.056,0.35,93.8,38.7,2310,88.8,89.14
669394,Jake Burger,2048,29,16,1.4,0.571,1.714,0,2.286,0.868,100.2,35.1,2291,84.6,85
622569,Pablo Reyes,709,10,3,1.4,0.3,0.5,0.222,0.8,0.419,91.3,36.6,2421,89.1,89.13
643446,Jeff McNeil,2193,31,14,1.4,0.452,1.097,0.227,1.548,0.337,91.6,34.2,2119,89.5,89.64
592192,Mark Canha,2085,29,11,1.4,0.393,0.929,0.143,1.321,0.463,91.5,35.2,2189,88,87.98
665926,Andrés Giménez,2346,33,19,1.4,0.594,1.5,0.3,2.094,0.558,92.7,34.6,2239,88.6,88.88
669743,Alex Call,1832,26,7,1.4,0.269,0.615,0.095,0.885,0.371,90.7,39.8,2169,90,90.53
592518,Manny Machado,2284,31,17,1.4,0.567,1.533,0.125,2.1,0.708,96.9,35.7,2384,86.1,86.29
677551,Wander Franco,1901,26,10,1.4,0.4,1.12,0.059,1.52,0.582,96.9,37.5,2168,86.8,86.72
596146,Max Kepler,1924,26,16,1.4,0.64,1.92,0,2.56,0.925,99.3,34,2290,86.9,87.28
680777,Ryan Jeffers,1327,18,7,1.4,0.412,1.118,0.083,1.529,0.518,99,39.6,2303,85,85.37
543807,George Springer,2528,35,12,1.4,0.343,1.029,0,1.371,0.459,94.9,35.4,2311,85.9,86.13
650489,Willi Castro,1586,20,9,1.3,0.45,0.9,0.267,1.35,0.459,94.9,37.2,2230,86.5,86.62
553993,Eugenio Suárez,2903,38,17,1.3,0.5,1,0.25,1.5,0.569,93.9,34.8,2327,86.4,86.74
676609,José Caballero,1140,15,5,1.3,0.333,0.667,0.167,1,0.602,87.6,37.5,2033,89.2,89.51
666801,Rodolfo Castro,1002,13,5,1.3,0.417,0.417,0.333,0.833,0.33,88,36.5,2255,85.6,85.23
668709,JJ Bleday,1213,16,6,1.3,0.4,1.067,0.091,1.467,0.614,94.8,32.9,1999,88.6,88.9
671221,Drew Waters,1317,17,8,1.3,0.533,1.333,0.182,1.867,0.631,93.4,34.9,2103,86.8,87.17
592273,Brandon Drury,1963,25,13,1.3,0.52,1.48,0.077,2,0.744,96.2,34,2190,87.5,87.89
572041,AJ Pollock,557,7,3,1.3,0.429,1.286,0,1.714,0.691,90.9,30.4,2373,85.7,85.94
670764,Taylor Walls,1420,18,8,1.3,0.444,1.222,0.091,1.667,0.348,93.9,34.6,2318,89.7,90.24
670541,Yordan Alvarez,1908,25,17,1.3,0.708,2.042,0.111,2.75,1.01,100.8,32.9,2218,84.7,84.66
596115,Trevor Story,640,8,3,1.3,0.375,0.875,0.167,1.25,0.334,90.1,37.8,2286,85.1,85.53
666703,Eguy Rosario,157,2,2,1.3,1,3,,4,1.548,104.8,26,2251,90.7,89.95
644374,Yu Chang,379,5,4,1.3,0.8,2,0.5,2.8,0.705,99.4,37,2142,90.5,90.64
606115,Orlando Arcia,2132,28,13,1.3,0.481,1.296,0.118,1.778,0.735,94.6,32.3,2283,89.2,89.72
677649,Ezequiel Duran,1657,22,9,1.3,0.409,1.091,0.071,1.5,0.649,94.6,35.5,2271,82.6,82.24
669134,Luis Campusano,601,8,5,1.3,0.625,1.875,0,2.5,0.624,94.2,31.9,2370,85.3,85.75
676701,Alan Trejo,875,11,4,1.3,0.364,0.909,0.125,1.273,0.357,91.4,36.7,2214,86.8,87.13
650907,René Pinto,398,5,2,1.3,0.4,1.2,0,1.6,0.471,92.4,34.2,2058,85.4,85.62
641943,Joshua Palacios,958,12,8,1.3,0.667,2,0,2.667,0.859,99.7,34,2138,87.9,88.09
676801,Chas McCormick,1805,23,11,1.3,0.478,1.348,0.077,1.826,0.606,95.6,36.2,2350,87.5,87.61
641487,J.P. Crawford,2629,34,13,1.3,0.394,0.848,0.16,1.242,0.398,90.6,37.9,2242,87.3,87.56
543305,Aaron Hicks,1354,18,8,1.3,0.444,1.111,0.167,1.556,0.367,92.5,38.3,2144,87.1,87.53
656448,Stone Garrett,1039,13,6,1.3,0.462,1.385,0,1.846,0.434,93.2,37.7,2143,86.7,87.09
683734,Andrew Vaughn,2317,31,14,1.3,0.452,1.226,0.105,1.677,0.6,95.8,36,2324,86.1,86.34
681584,David Villar,544,7,5,1.3,0.714,1.714,0.333,2.429,0.783,93.3,33.3,2414,88.3,88.63
572191,Michael A. Taylor,1526,20,13,1.3,0.65,1.75,0.222,2.4,0.905,100.1,34.5,2257,85.5,85.6
592206,Nick Castellanos,2427,32,17,1.3,0.531,1.5,0.063,2.031,0.56,94.2,34.8,2331,83.3,83.36
571976,Wil Myers,552,7,3,1.3,0.429,1.286,0,1.714,0.57,97,35.1,2414,89.5,89.73
677951,Bobby Witt Jr.,2701,36,20,1.3,0.556,1.556,0.111,2.111,0.9,100,32.7,2285,86.3,86.63
669701,Josh Smith,977,13,5,1.3,0.385,1.154,0,1.538,0.576,95.3,36.8,2209,85.5,85.21
621493,Taylor Ward,1635,21,10,1.3,0.476,1.238,0.154,1.714,0.602,92.6,34.9,2159,87.7,88.05
641786,Kyle Lewis,231,3,1,1.3,0.333,1,0,1.333,0.317,89.6,33.3,2235,80.6,80.5
664728,Kyle Isbel,1127,15,5,1.3,0.333,0.733,0.167,1.067,0.451,90.3,35.5,2043,91.6,92.51
608596,Tom Murphy,593,8,6,1.3,0.75,2,0.333,2.75,1.031,100.4,34,2309,87.6,88.35
592663,J.T. Realmuto,2096,27,11,1.3,0.407,1.037,0.111,1.444,0.623,95.4,39,2237,88.6,88.86
628451,Andy Ibáñez,1376,18,10,1.3,0.556,1.444,0.2,2,0.73,95,32.3,2327,87.9,87.98
670712,Mike Brosseau,299,4,1,1.3,0.25,0.75,0,1,0.435,91.7,32,1974,81.5,81.03
605113,Nick Ahmed,776,10,2,1.3,0.2,0.6,0,0.8,0.35,91,39.7,2331,89.1,89.21
666185,Dylan Carlson,1047,14,4,1.3,0.286,0.714,0.091,1,0.481,93.2,31.4,2098,91,91.22
678009,Parker Meadows,594,8,3,1.3,0.375,1,0.167,1.375,0.458,95,35.6,2367,89.3,89.56
670242,Matt Wallner,1046,14,8,1.3,0.571,1.5,0.143,2.071,1.067,99.6,34.8,2288,83.5,83.19
683002,Gunnar Henderson,2405,32,17,1.3,0.531,1.563,0.063,2.094,0.844,97.9,36.4,2250,86.4,86.6
669004,MJ Melendez,2440,32,10,1.3,0.323,0.935,0.043,1.258,0.646,97.8,35.3,2266,88,88.38
640457,Austin Meadows,79,1,0,1.3,0,0,0,0,0.045,79.9,33,2637,80.4,79.9
624428,Adam Frazier,1750,23,11,1.3,0.478,1.304,0.077,1.783,0.468,93.5,34,2245,89.3,89.6
676116,Ryan Noda,2091,28,16,1.3,0.571,1.464,0.2,2.036,0.748,97.5,34.3,2259,86.7,86.91
595978,Austin Hedges,741,10,2,1.3,0.222,0.333,0.111,0.556,0.217,88.9,41.3,2378,88.8,88.64
675656,Kevin Smith,519,7,4,1.3,0.571,1.714,0,2.286,0.759,99.2,35.7,2263,87.3,87.34
660644,Vidal Bruján,299,4,0,1.3,0,0,0,0,0.056,88,45,2153,81,80.05
571912,Luke Maile,766,10,6,1.3,0.6,1.2,0.333,1.8,0.653,93.6,35,2252,86.6,87.37
630105,Jake Cronenworth,2060,26,11,1.3,0.44,1.16,0.118,1.6,0.514,95.2,37.3,2344,86.8,86.82
518692,Freddie Freeman,2753,33,19,1.2,0.613,1.484,0.263,2.097,0.812,98.6,33.3,2327,88.2,88.57
624415,Cavan Biggio,1387,17,8,1.2,0.471,1.294,0.1,1.765,0.517,94,33.4,2338,88.7,89.19
605137,Josh Bell,2428,29,13,1.2,0.464,1.321,0.059,1.786,0.697,96.9,36.9,2273,85.9,86
645444,Jose Herrera,510,6,2,1.2,0.333,0.167,0.333,0.5,0.267,84.6,37.3,2077,87.3,87.9
670042,Luke Raley,1545,19,10,1.2,0.526,1.474,0.1,2,0.737,96.3,33.8,2161,88.4,88.44
682998,Corbin Carroll,2431,30,12,1.2,0.414,0.966,0.143,1.379,0.486,94.4,35.9,2352,86.2,86.35
641511,Jason Delay,682,8,2,1.2,0.25,0.5,0.143,0.75,0.461,93.8,37.1,2093,90.2,90.39
650391,Eloy Jiménez,1717,21,13,1.2,0.619,1.333,0.385,1.952,0.749,94.4,33.9,2265,86.1,86.46
664874,Seby Zavala,763,9,7,1.2,0.778,2.111,0.333,2.889,0.773,99.7,35.6,2365,86.4,86.57
680869,Zack Gelof,1155,14,7,1.2,0.538,1.615,0,2.154,0.741,95.7,34,2276,88.2,88.66
671213,Triston Casas,2062,24,13,1.2,0.542,1.625,0,2.167,0.943,100,33.2,2296,90.1,90.45
542194,Christian Bethancourt,1180,14,5,1.2,0.385,0.692,0.182,1.077,0.342,93.7,37.1,2300,83.3,83.43
518595,Travis d'Arnaud,1115,13,7,1.2,0.538,1.231,0.25,1.769,0.934,97.4,34.9,2450,86.6,86.47
679032,Johan Rojas,561,7,5,1.2,0.714,0.857,0.667,1.571,0.257,82.3,32.6,2198,79.7,79.37
668804,Bryan Reynolds,2524,30,19,1.2,0.655,1.517,0.353,2.172,0.829,97.9,33.1,2195,88,88.35
680118,Dairon Blanco,509,6,4,1.2,0.667,1.667,0.333,2.333,1.058,102.2,29.7,2242,82.7,82.77
679845,Nick Loftin,250,3,1,1.2,0.333,0.333,0.333,0.667,0.239,94.3,41.7,2277,86.9,86.47
665489,Vladimir Guerrero Jr.,2441,30,13,1.2,0.433,1.3,0,1.733,0.843,99.7,37.7,2170,84.1,84.56
542364,Rafael Ortega,583,7,2,1.2,0.286,0.571,0.167,0.857,0.178,84.1,34.7,2234,87.6,87.39
572138,Jon Singleton,422,5,2,1.2,0.5,1.5,0,2,0.704,90.6,40.2,2156,89.6,89.22
680977,Brendan Donovan,1431,17,9,1.2,0.529,1.588,0,2.118,0.61,95.3,33.3,2283,86.5,87.01
502110,J.D. Martinez,1865,23,16,1.2,0.727,2,0.222,2.727,0.901,100.8,34.3,2212,88,88.29
443558,Nelson Cruz,566,7,4,1.2,0.571,1.714,0,2.286,0.772,99.3,31,2317,85.1,84.87
660162,Yoán Moncada,1390,17,9,1.2,0.563,1.125,0.333,1.688,0.681,95.8,32.4,2090,85.7,85.82
614173,Franchy Cordero,250,3,3,1.2,1,3,,4,0.881,98.7,29,2294,84.8,85.43
667670,Brent Rooker,2152,26,17,1.2,0.654,1.962,0,2.615,1.062,100.9,33,2191,89.7,89.85
650402,Gleyber Torres,2647,32,14,1.2,0.438,1.094,0.143,1.531,0.6,93.5,36.4,2259,87.9,88.15
669477,Casey Schmitt,965,12,7,1.2,0.7,1.3,0.375,2,0.856,94.9,35.3,2249,83.9,84.25
663616,Trevor Larnach,915,11,5,1.2,0.455,0.727,0.4,1.182,0.363,98.1,36.2,2273,87.1,86.95
679881,J.P. Martínez,173,2,1,1.2,0.5,1.5,0,2,0.877,98,43,2071,88.3,89.55
622110,Matt Duffy,751,9,3,1.2,0.333,0.667,0.143,1,0.397,87.6,33.7,2122,86.7,86.82
676475,Alec Burleson,1238,15,6,1.2,0.4,1,0.1,1.4,0.603,95.1,35.6,2198,88.8,89.4
687462,Spencer Horwitz,169,2,2,1.2,1,2,1,3,1.301,101.5,29.5,2370,87.7,87.2
678894,Liover Peguero,811,10,8,1.2,0.8,2.2,0.333,3,0.947,97,33.3,2231,85.1,85.63
571466,Tucker Barnhart,503,6,1,1.2,0.167,0,0.167,0.167,0.055,87.7,42,2111,89.9,91.43
669911,Michael Toglia,580,7,2,1.2,0.286,0.857,0,1.143,0.33,98.8,46.1,2201,89.4,90.24
663368,Blake Perkins,725,9,4,1.2,0.444,1.333,0,1.778,0.646,95.1,33.8,2150,89.7,89.27
666198,Carter Kieboom,347,4,4,1.2,1,3,,4,1.222,101.9,27.5,2278,85.9,86
687263,Zach Neto,1288,16,9,1.2,0.563,1.438,0.222,2,0.941,97,34.5,2302,92.1,92.35
656180,Riley Adams,567,7,5,1.2,0.714,1.571,0.5,2.286,0.539,99.1,38.7,2028,85.2,85.77
677594,Julio Rodríguez,2511,31,11,1.2,0.367,1.033,0.048,1.4,0.536,97,38.1,2232,86.1,86.48
571771,Enrique Hernández,1964,22,9,1.1,0.409,0.955,0.133,1.364,0.447,92,36.9,2291,87.1,87.18
673962,Josh Jung,1976,22,14,1.1,0.636,1.5,0.333,2.136,0.904,98.5,36.4,2273,85.2,85.19
686676,Korey Lee,279,3,1,1.1,0.333,1,0,1.333,0.665,99.5,38,2272,83.5,84.73
665862,Jazz Chisholm Jr.,1545,17,11,1.1,0.647,1.824,0.143,2.471,0.922,99.1,36.3,2412,86,85.85
680779,Henry Davis,1031,11,5,1.1,0.455,1.182,0.143,1.636,0.502,96.2,36.4,2249,86,86.29
663586,Austin Riley,2861,31,18,1.1,0.6,1.733,0.071,2.333,0.973,101.6,31.4,2155,86.8,87.34
686894,Joey Wiemer,1585,17,5,1.1,0.313,0.938,0,1.25,0.548,94,35.9,2327,85.5,85.6
573131,Darin Ruf,264,3,1,1.1,0.333,0.333,0.333,0.667,0.415,92.5,28.3,1876,84.7,85.23
669221,Sean Murphy,1748,20,11,1.1,0.55,1.55,0.1,2.1,0.9,98.7,36,2114,87.6,88
519317,Giancarlo Stanton,1719,19,6,1.1,0.316,0.947,0,1.263,0.798,99.9,37.2,2148,85.7,85.61
650333,Luis Arraez,2161,24,13,1.1,0.542,1.292,0.267,1.833,0.672,95.5,31.9,2142,88.5,88.55
621043,Carlos Correa,2257,25,12,1.1,0.48,1.36,0.071,1.84,0.764,97.8,37,2353,87.7,88.24
676946,Matthew Batten,547,6,2,1.1,0.333,1,0,1.333,0.281,86.6,34.7,2305,85.4,85.58
606992,Eric Haase,1118,12,3,1.1,0.25,0.5,0.1,0.75,0.142,90.2,38.4,2272,84.7,85.21
545361,Mike Trout,1547,17,10,1.1,0.588,1.412,0.3,2,0.992,99.9,32.5,2285,87,87.18
668939,Adley Rutschman,2904,32,17,1.1,0.531,1.469,0.118,2,0.883,97.7,33.5,2199,90.4,90.46
593160,Whit Merrifield,2200,24,10,1.1,0.417,1.083,0.125,1.5,0.341,93.1,37.4,2142,88.9,88.93
543510,James McCann,847,9,5,1.1,0.625,1.375,0.333,2,0.788,99.4,34.7,2221,87.3,87.82
678246,Miguel Vargas,1204,13,5,1.1,0.385,0.846,0.2,1.231,0.445,89.5,34.3,2361,81.7,81.83
596129,Daniel Vogelbach,1400,15,8,1.1,0.533,1.467,0.125,2,0.753,99.6,33.7,2312,89.7,89.85
543063,Brandon Crawford,1227,14,7,1.1,0.538,1.385,0.222,1.923,0.8,99,30.1,2230,90.7,91.17
595281,Kevin Kiermaier,1508,16,9,1.1,0.6,1.4,0.3,2,0.539,93,33.4,1908,85.3,85.44
608348,Carson Kelly,559,6,2,1.1,0.333,1,0,1.333,0.458,96.1,39.8,2262,87.1,87.1
608841,Joey Meneses,2543,28,14,1.1,0.519,1.259,0.222,1.778,0.474,93.9,33.2,2392,86.8,87.22
592450,Aaron Judge,1901,21,14,1.1,0.7,1.9,0.222,2.6,1.018,105.5,33.2,2220,88.2,88.34
691026,Masyn Winn,535,6,2,1.1,0.4,1.2,0,1.6,0.22,92.2,38,1987,82,82.67
493329,Yuli Gurriel,1189,13,2,1.1,0.167,0.5,0,0.667,0.265,89.1,38.5,2330,85,85.15
680911,Owen Miller,1192,13,5,1.1,0.385,0.846,0.2,1.231,0.545,93.1,33.6,2276,88,88.35
545121,Ildemaro Vargas,1024,11,7,1.1,0.636,1.182,0.429,1.818,0.777,94.1,34.1,2186,89.5,90.13
607043,Brandon Nimmo,2847,30,15,1.1,0.5,1.3,0.167,1.8,0.879,97.5,31.9,2154,85.7,85.98
669304,Jose Miranda,545,6,3,1.1,0.5,1.5,0,2,0.622,94.9,34.3,2310,89.3,89.18
667452,Corey Julks,1326,14,3,1.1,0.231,0.692,0,0.923,0.428,92.5,38.9,2361,87.1,86.85
672820,Lenyn Sosa,628,7,2,1.1,0.333,1,0,1.333,0.228,93.3,42.3,2452,85.2,86.27
624414,Christian Arroyo,734,8,5,1.1,0.625,1.25,0.4,1.875,0.596,88.4,30.5,2081,87.7,88.84
624424,Michael Conforto,1900,19,11,1,0.611,1.167,0.385,1.778,0.759,93.7,35.5,2303,86.4,87.09
665487,Fernando Tatis Jr.,2335,24,11,1,0.458,1.375,0,1.833,0.773,98.3,35.4,2337,85.7,85.6
592656,Henry Ramos,311,3,2,1,0.667,0,0.667,0.667,0.153,88,47,1907,81.5,82.43
671732,Lawrence Butler,500,5,2,1,0.4,1.2,0,1.6,0.878,98.8,38.6,2368,89.6,89.8
621433,Brett Phillips,298,3,2,1,0.667,2,0,2.667,0.729,99.1,38,2197,95.2,94.83
660271,Shohei Ohtani,2321,24,19,1,0.792,2.167,0.375,2.958,1.262,104.9,31.4,2338,85.6,86.18
665019,Kody Clemens,609,6,2,1,0.333,1,0,1.333,0.385,93.6,43.5,2365,88.1,88.05
656541,Sam Hilliard,312,3,2,1,0.667,2,0,2.667,1.34,106.7,34,2209,91.3,91.8
669397,Nick Allen,1168,12,4,1,0.333,1,0,1.333,0.381,90.4,33.5,2209,89.5,89.6
663611,Nick Madrigal,1065,11,5,1,0.455,0.818,0.333,1.273,0.275,89,32.2,2319,87.4,87.39
672386,Alejandro Kirk,1725,17,6,1,0.375,0.875,0.154,1.25,0.468,92.1,36,2145,85.9,86.05
596117,Garrett Stubbs,496,5,2,1,0.4,1,0.25,1.4,0.335,87,38,1992,83.7,83.96
543685,Anthony Rendon,762,8,3,1,0.375,0.75,0.167,1.125,0.417,93.2,37.5,2176,91.6,91.8
500743,Miguel Rojas,1455,15,6,1,0.429,0.857,0.25,1.286,0.272,92.8,33.5,2162,88.8,89.07
607054,Jace Peterson,1740,18,8,1,0.444,1,0.167,1.444,0.571,94.9,34.1,2350,87.8,87.68
621512,Tomás Nido,198,2,0,1,0,0,0,0,0.197,94,29,2585,90.2,90.9
593428,Xander Bogaerts,2644,27,13,1,0.481,1.444,0,1.926,0.657,94.6,33.8,2263,86,85.87
622534,Manuel Margot,1225,12,3,1,0.25,0.75,0,1,0.476,92.1,36.6,2429,83.2,82.95
669364,Xavier Edwards,298,3,0,1,0,0,0,0,0.287,88.1,28.3,1982,91.2,91.1
696100,Hunter Goodman,293,3,0,1,0,0,0,0,0.177,93.9,42.7,2513,82.9,83.17
657077,Alex Verdugo,2364,23,12,1,0.522,1.304,0.154,1.826,0.598,93.2,30.7,2211,86.7,87.17
663647,Ke'Bryan Hayes,1929,19,8,1,0.444,1.333,0,1.778,0.506,94.1,35.3,2068,86.4,86.61
547989,José Abreu,2400,23,9,1,0.391,1.087,0.067,1.478,0.64,94.3,37,2214,85,84.97
642137,Cody Thomas,198,2,1,1,0.5,1.5,0,2,0.76,96.1,28,1887,86.4,87.3
677595,Ronny Mauricio,401,4,1,1,0.25,0.75,0,1,0.576,98.8,36,2225,94.5,94.53
656413,Stuart Fairchild,957,10,7,1,0.7,1.6,0.5,2.3,0.975,95.5,29.9,2233,85,85.42
663538,Nico Hoerner,2539,26,6,1,0.24,0.72,0,0.96,0.255,91.2,37,2257,87.2,87.46
664059,Sam Haggerty,413,4,1,1,0.25,0.75,0,1,0.291,96.2,45,2375,90,90.83
657136,Connor Wong,1541,16,6,1,0.4,0.933,0.167,1.333,0.342,95.2,40.3,2325,88.7,88.61
663624,Ryan Mountcastle,1743,17,8,1,0.471,1.294,0.1,1.765,0.892,97.5,34.4,2248,82.5,82.55
502671,Paul Goldschmidt,2847,29,16,1,0.552,1.448,0.188,2,0.84,100.5,35.7,2264,88.3,88.44
656716,Zach McKinstry,2114,22,6,1,0.286,0.762,0.059,1.048,0.397,91.3,37,2302,86.5,86.77
642086,Dominic Smith,2210,21,5,1,0.25,0.75,0,1,0.52,95.6,34.3,2244,91.3,91.71
665161,Jeremy Peña,2299,22,10,1,0.455,0.818,0.294,1.273,0.473,90.4,35,2206,83.5,83.44
643289,Mauricio Dubón,1671,16,8,1,0.5,1.375,0.111,1.875,0.592,92.9,32.8,2281,85,85.16
457705,Andrew McCutchen,2008,21,8,1,0.381,1.048,0.071,1.429,0.423,95.2,38.4,2249,88.3,88.58
650559,Bryan De La Cruz,2467,25,16,1,0.64,1.28,0.438,1.92,0.763,95.3,32.4,2290,84.4,83.97
655316,Andruw Monasterio,1345,13,5,1,0.385,0.538,0.273,0.923,0.403,87.4,37.2,2467,83.8,83.82
669224,Austin Wells,296,3,3,1,1,3,,4,1.59,104.4,27.7,1959,84.1,84.43
624431,Jose Trevino,614,6,3,1,0.5,1.5,0,2,0.483,90.4,34,2152,82.9,83.3
676059,Jordan Westburg,869,9,1,1,0.111,0.111,0.111,0.222,0.261,91.6,37.8,2340,86.4,86.63
645302,Victor Robles,454,4,1,0.9,0.25,0,0.25,0.25,0.211,95.9,34.8,2204,83.4,84.28
663757,Trent Grisham,2341,22,9,0.9,0.409,0.955,0.188,1.364,0.543,95.8,38.6,2268,89.2,89.39
553869,Elias Díaz,1984,17,9,0.9,0.529,1.588,0,2.118,0.939,97.3,32.1,2279,85.3,85.52
673548,Seiya Suzuki,2445,23,14,0.9,0.609,1.696,0.182,2.304,0.83,99.9,33.6,2385,85.1,85.4
640492,José Azocar,350,3,3,0.9,1,2.333,1,3.333,1.288,98.5,29.3,1915,80.9,80.97
621028,Kevin Newman,912,8,5,0.9,0.625,1.375,0.4,2,0.643,92.2,31,2259,87.1,86.96
666182,Bo Bichette,2225,19,12,0.9,0.632,1.684,0.222,2.316,0.75,96.5,30.5,2234,84.4,84.56
642136,Matt Thaiss,1241,11,6,0.9,0.545,1.364,0.167,1.909,0.835,94.2,30,2383,86.2,86.08
679631,Terrin Vavra,212,2,0,0.9,0,0,0,0,0.246,93.4,34,1624,87.5,87.1
543228,Yan Gomes,1586,14,7,0.9,0.5,1.286,0.125,1.786,0.694,91.4,33.9,2302,90.9,91.09
640458,Óscar Mercado,112,1,0,0.9,0,0,0,0,0.044,77.3,49,1786,87.7,88.7
676694,Jake Meyers,1325,12,5,0.9,0.417,1.083,0.125,1.5,0.41,93.1,34.4,2275,88.4,88.38
572204,Trayce Thompson,799,7,3,0.9,0.429,1,0.2,1.429,0.525,101.1,40.6,2135,89.6,89.94
663698,Joey Bart,350,3,2,0.9,0.667,0.333,0.667,1,0.368,82.1,38.3,1960,87.6,88.53
621020,Dansby Swanson,2558,23,15,0.9,0.652,1.652,0.273,2.304,0.828,97.2,33.4,2216,88.5,88.92
665923,Esteury Ruiz,1753,15,9,0.9,0.6,1.133,0.4,1.733,0.571,88.7,35.1,2048,87.9,87.95
571745,Mitch Haniger,925,8,4,0.9,0.5,1.25,0.2,1.75,0.724,95.7,31.3,2299,89.9,89.64
545350,Jake Marisnick,321,3,2,0.9,0.667,2,0,2.667,0.843,101.9,39.3,2295,87.2,87.6
669289,Santiago Espinal,989,9,2,0.9,0.222,0.667,0,0.889,0.228,88.5,37.9,2430,86.4,86.43
664761,Alec Bohm,2252,21,12,0.9,0.6,1.8,0,2.4,0.85,97.6,34.5,2090,85.3,85.21
641933,Tyler O'Neill,1042,9,5,0.9,0.556,1.444,0.2,2,0.865,95,36,2121,86.5,86.93
660670,Ronald Acuña Jr.,2782,25,14,0.9,0.56,1.68,0,2.24,0.982,101.3,31.9,2236,88.4,88.63
689172,Brett Wisely,531,5,2,0.9,0.5,1,0.25,1.5,0.481,99.4,39,2013,91.7,91.8
694497,Evan Carter,336,3,3,0.9,1,3,,4,1.264,103.2,27.7,2267,86.9,86.97
663550,Trey Cabbage,215,2,0,0.9,0,0,0,0,0.211,91.1,32,2169,85.6,85.6
682622,Noelvi Marte,444,4,2,0.9,0.5,1.5,0,2,0.495,94.1,37.5,2096,79.1,78.8
672275,Patrick Bailey,1411,13,6,0.9,0.462,1.077,0.222,1.538,0.831,97.4,32.2,2217,89.2,89.43
665742,Juan Soto,2897,27,16,0.9,0.593,1.667,0.083,2.259,1.155,103.1,32.7,2246,90.3,90.49
669450,Cooper Hummel,116,1,1,0.9,1,1,1,2,0.269,96.1,24,2355,92.9,92.2
678662,Ezequiel Tovar,2290,20,12,0.9,0.632,1.526,0.273,2.158,0.74,97,34.5,2155,83,83.66
547180,Bryce Harper,2021,19,12,0.9,0.632,1.368,0.364,2,0.952,100,30.9,2340,84.6,84.71
664058,David Fletcher,327,3,2,0.9,0.667,2,0,2.667,0.286,91.4,28.7,2074,84.7,85.13
518735,Yasmani Grandal,1641,15,6,0.9,0.4,1,0.1,1.4,0.46,90.1,35.7,2219,86.9,87.45
656582,Connor Joe,1983,18,8,0.9,0.444,1.056,0.167,1.5,0.586,91.8,34.4,2376,85.2,85.31
663697,Jonathan India,2205,19,9,0.9,0.474,1.053,0.231,1.526,0.564,93.3,35.7,2185,86.2,86.41
444482,David Peralta,1530,14,6,0.9,0.429,1.286,0,1.714,0.765,92.2,34.8,2324,87.2,87.51
642133,Rowdy Tellez,1503,14,6,0.9,0.429,1.071,0.111,1.5,0.48,92.8,37.2,2281,83.1,83.33
666165,Blake Sabol,1360,12,7,0.9,0.583,1.333,0.286,1.917,0.627,95.5,34.8,2220,86.1,85.85
681082,Bryson Stott,2665,23,15,0.9,0.652,1.652,0.273,2.304,0.585,95,35.6,2247,87.6,87.63
666018,Jonathan Aranda,449,4,2,0.9,0.5,1.5,0,2,0.721,95,33.5,2257,89.8,89.78
686823,Will Brennan,1611,14,6,0.9,0.429,0.929,0.2,1.357,0.453,93.1,31.9,2327,84,83.59
542583,Jesús Aguilar,448,4,3,0.9,0.75,2.25,0,3,0.978,98.8,29.8,2090,85.1,84.88
663837,Matt Vierling,2133,19,8,0.9,0.421,1.263,0,1.684,0.838,94.5,33.3,2257,83.4,83.23
666181,Will Benson,1368,11,6,0.8,0.545,1.273,0.375,1.818,0.429,96.5,33.2,2165,87.7,88.13
602104,Ramón Urías,1461,11,2,0.8,0.182,0.273,0.1,0.455,0.297,91.4,40.5,2092,89,89.13
572287,Mike Zunino,606,5,2,0.8,0.4,1.2,0,1.6,0.37,98.1,38.6,2240,87.2,87.78
683737,Michael Busch,353,3,1,0.8,0.333,1,0,1.333,1.228,106.2,31.7,2511,82.5,83.4
671083,Buddy Kennedy,120,1,0,0.8,0,0,0,0,0.102,83.5,29,2691,77.6,77.4
543592,Austin Nola,633,5,0,0.8,0,0,0,0,0.211,88,39.6,1900,88.2,89
608701,Rob Refsnyder,1004,8,3,0.8,0.375,0.5,0.286,0.875,0.471,83.3,31.1,2290,90.1,90.28
661388,William Contreras,2419,20,10,0.8,0.526,1.316,0.167,1.842,0.852,97.3,32,2096,87.3,87.42
543281,Josh Harrison,392,3,3,0.8,1,2,1,3,1.06,91.8,28.3,2259,88.5,88.97
657656,Ramón Laureano,1653,14,6,0.8,0.429,1.286,0,1.714,0.747,93.5,31.9,2192,86,86.25
669065,Kyle Stowers,118,1,1,0.8,1,0,1,1,0.413,72.1,37,2404,86.6,86.1
668731,Akil Baddoo,1415,12,6,0.8,0.5,1.5,0,2,0.762,97,37.6,2287,87.5,87.54
622761,Jorge Mateo,1317,11,4,0.8,0.364,1.091,0,1.455,0.567,95.8,35.4,2342,86.2,86.22
456781,Donovan Solano,1806,14,4,0.8,0.286,0.714,0.091,1,0.538,93.8,31.9,1997,82.1,82.04
678882,Ceddanne Rafaela,354,3,1,0.8,0.333,1,0,1.333,0.519,92.5,37.3,2584,92.1,92.87
663630,Ryan McKenna,515,4,2,0.8,0.5,1,0.333,1.5,0.465,95.7,34.3,2442,94,94.05
641857,Ryan McMahon,2742,21,12,0.8,0.571,1.524,0.182,2.095,0.79,98.3,36,2278,84.2,84.55
621563,Joey Wendle,1180,10,3,0.8,0.3,0.8,0.125,1.1,0.452,95.4,31.3,2429,86.6,86.56
605204,J.D. Davis,2092,16,8,0.8,0.5,1.375,0.111,1.875,0.603,94.3,37.6,2085,87.3,87.33
668227,Randy Arozarena,2679,21,14,0.8,0.667,1.905,0.125,2.571,0.829,99.8,35.5,2167,89.8,89.63
570731,Jonathan Schoop,599,5,1,0.8,0.2,0.2,0.2,0.4,0.115,92.5,42.2,2294,83.3,83.76
462101,Elvis Andrus,1592,12,5,0.8,0.417,1,0.125,1.417,0.383,88.2,37.9,2316,85.9,86.62
605131,Austin Barnes,778,6,1,0.8,0.167,0.5,0,0.667,0.281,90.2,33.2,2276,84.4,84.95
672779,Tucupita Marcano,731,6,2,0.8,0.333,0.5,0.2,0.833,0.304,81.7,34.2,2299,89.3,89.73
694384,Nolan Schanuel,530,4,1,0.8,0.25,0.75,0,1,0.443,97.4,38.3,2216,91.1,91.9
502054,Tommy Pham,1917,15,5,0.8,0.357,1.071,0,1.429,0.574,95.4,36.8,2142,84.8,85.03
649557,Aledmys Díaz,1179,10,3,0.8,0.3,0.6,0.222,0.9,0.32,92.8,41,2345,88.4,88.44
571875,Jake Lamb,237,2,2,0.8,1,3,,4,1.247,102.4,28.5,2286,80.9,80.3
656669,Jordan Luplow,380,3,0,0.8,0,0,0,0,0.104,90.2,38,2112,82.8,83.03
666139,Josh Lowe,2036,17,8,0.8,0.471,1.294,0.1,1.765,0.742,94.6,31.9,2273,86.6,86.68
666397,Edouard Julien,1727,13,9,0.8,0.75,1.75,0.333,2.5,0.958,96.2,29.1,2152,87.3,87.62
677950,Alek Thomas,1489,10,4,0.7,0.444,1.333,0,1.778,0.496,95,33.3,2332,88.4,88.82
664901,Danny Mendick,276,2,1,0.7,0.5,1.5,0,2,0.686,87.5,32,2188,93.3,92.75
621545,Zach Remillard,576,4,1,0.7,0.25,0.75,0,1,0.261,91.3,39.3,2265,87.4,88.35
641343,Jake Bauers,1169,8,7,0.7,0.875,2.625,0,3.5,1.324,103.3,31.5,2365,90.2,90.3
670223,Matt Mervis,405,3,1,0.7,0.333,1,0,1.333,0.697,99.9,37,2484,91.4,91.2
680814,Peyton Burdick,150,1,1,0.7,1,3,,4,1.931,108.1,27,2800,87.2,86.8
686217,Sal Frelick,878,6,3,0.7,0.5,1.5,0,2,0.425,93.8,34.8,2163,87.4,87
693049,Oscar Colás,934,7,3,0.7,0.429,1.286,0,1.714,0.718,98.5,32.7,2452,84.5,84.87
643396,Isiah Kiner-Falefa,1454,10,5,0.7,0.556,1.111,0.286,1.667,0.363,90.9,39.8,2259,86.1,85.96
664023,Ian Happ,2862,21,15,0.7,0.714,2.048,0.143,2.762,0.976,99.1,31.8,2173,86.1,86.82
666164,Blake Rutherford,135,1,0,0.7,0,0,0,0,0.08,88.7,28,2021,81.9,81.4
682829,Elly De La Cruz,1755,12,8,0.7,0.667,2,0,2.667,1.21,102.5,29.8,2157,85.2,85.43
682985,Riley Greene,1746,13,7,0.7,0.538,1.615,0,2.154,1.08,102.4,30.5,2278,85,85.2
668930,Brice Turang,1795,13,5,0.7,0.385,0.923,0.111,1.308,0.545,90.7,35.2,2180,86.1,86.83
595453,Chad Wallach,690,5,1,0.7,0.2,0.6,0,0.8,0.374,84,44,2343,83.3,83.64
669016,Brandon Marsh,1984,13,7,0.7,0.538,1.308,0.25,1.846,0.702,95.5,30.1,2242,84.7,84.74
641820,Trey Mancini,1050,7,5,0.7,0.714,1.429,0.5,2.143,0.904,90.6,29.1,2145,85.6,85.29
664314,Estevan Florial,294,2,0,0.7,0,0,0,0,0.042,93.5,43.5,2549,81.3,81.15
665750,Leody Taveras,2106,15,9,0.7,0.6,1.667,0.143,2.267,0.818,94.6,29.2,2004,86.3,86.79
408234,Miguel Cabrera,1381,9,5,0.7,0.556,1.222,0.333,1.778,0.819,96.8,34,2207,87.9,88.73
572228,Luke Voit,284,2,0,0.7,0,0,0,0,0.013,87.1,41.5,2633,89,88.95
666906,Jake Alu,678,5,2,0.7,0.4,0.8,0.25,1.2,0.63,95.2,30,2439,86.3,86.38
807799,Masataka Yoshida,2197,15,8,0.7,0.571,1.286,0.3,1.857,0.616,95.1,35.2,2232,86,86.03
663457,Lars Nootbaar,2074,14,6,0.7,0.429,1.286,0,1.714,0.749,93.4,32.6,2284,85.3,85.62
686452,Drew Millas,134,1,1,0.7,1,3,,4,1.243,103.3,32,2691,82.1,82.4
666134,Nolan Jones,1809,13,9,0.7,0.692,1.923,0.2,2.615,1.083,99.5,32.2,2266,84.8,85.63
614177,Franmil Reyes,293,2,1,0.7,0.5,1.5,0,2,1.02,99.8,31,2584,85.8,86.55
683146,Brett Baty,1510,11,4,0.7,0.364,1.091,0,1.455,0.697,94.8,36.9,2178,88.1,88.16
642851,Austin Wynns,604,4,1,0.7,0.25,0.75,0,1,0.16,88.6,44.5,2249,84.1,84.63
686668,Brenton Doyle,1591,11,5,0.7,0.455,1.273,0.143,1.727,0.924,97.7,32.4,2381,83.6,83.84
663886,Tyler Stephenson,2051,15,8,0.7,0.533,1.467,0.125,2,0.759,97.6,30.7,2358,87.1,87.13
682515,Logan Porter,146,1,1,0.7,1,3,,4,1.536,103.1,26,2294,85,87.2
669003,Garrett Mitchell,289,2,2,0.7,1,3,,4,0.379,96.5,34.5,2552,88.4,89
663609,Luken Baker,448,3,2,0.7,0.667,2,0,2.667,1.215,102.5,28.7,2224,84.2,85.2
595909,Jake Cave,813,5,3,0.6,0.6,1.2,0.333,1.8,0.918,93.1,29.8,2326,86.9,86.92
671739,Michael Harris II,1954,11,9,0.6,0.818,2.273,0.333,3.091,1.284,103.2,30,2299,83.5,83.71
516782,Starling Marte,1269,7,4,0.6,0.571,1.714,0,2.286,1.084,97.6,28.1,2074,87.3,87.6
595751,Jorge Alfaro,175,1,0,0.6,0,0,0,0,0.042,88.5,35,2962,80,80.4
677587,Brayan Rocchio,342,2,0,0.6,0,0,0,0,0.044,90.6,38.5,2147,82.9,83.4
669707,Jared Triolo,839,5,2,0.6,0.4,0.4,0.4,0.8,0.649,89.8,34.4,2353,88.4,88.96
678554,Curtis Mead,341,2,0,0.6,0,0,0,0,0.102,84.2,43.5,1954,83.4,83.8
666152,David Hamilton,160,1,0,0.6,0,0,0,0,0.015,85.9,37,2416,95.9,95.9
575929,Willson Contreras,1950,11,9,0.6,0.818,2.455,0,3.273,1.37,105.5,32.5,2305,87.3,88.15
672284,Jarred Kelenic,1664,10,7,0.6,0.7,1.4,0.5,2.1,0.837,96.4,32.5,2305,89.6,89.95
624503,Nick Gordon,309,2,1,0.6,0.5,1.5,0,2,0.292,93.4,33,2615,86.9,86.25
608385,Jesse Winker,831,5,0,0.6,0,0,0,0,0.046,94.4,41.6,1936,88.1,88.7
668472,Nick Pratto,1452,8,5,0.6,0.714,1.857,0.25,2.571,0.69,98.5,36.4,2194,84.6,85.14
641658,Garrett Hampson,975,6,2,0.6,0.333,0.667,0.2,1,0.317,94.3,33,2075,80.8,80.32
650490,Yandy Díaz,2357,14,8,0.6,0.571,1.714,0,2.286,0.931,98.6,33.7,2157,85.8,85.94
666135,Alex Kirilloff,1242,8,3,0.6,0.375,0.875,0.167,1.25,0.303,89.9,39,2130,89.6,90.06
643217,Andrew Benintendi,2351,15,7,0.6,0.467,0.933,0.273,1.4,0.348,90.8,32.9,2136,89.4,89.83
668843,Conner Capel,353,2,1,0.6,0.5,0,0.5,0.5,0.456,81.3,30,2269,91.4,91.75
670032,Nicky Lopez,1022,6,2,0.6,0.4,0.6,0.2,1,0.318,81,39,2147,82.6,81.45
665833,Oneil Cruz,162,1,1,0.6,1,3,,4,1.969,111.1,25,,101.3,101.7
663853,Romy Gonzalez,363,2,2,0.6,1,3,,4,1.788,107.5,26,2390,89,88.75
672724,Oswald Peraza,721,4,2,0.6,0.5,0.75,0.333,1.25,0.679,87.8,37.8,2231,92,91.57
675986,Canaan Smith-Njigba,159,1,1,0.6,1,2,1,3,1.313,104.1,34,2346,86.1,86.6
516416,Jean Segura,1246,8,3,0.6,0.375,0.875,0.167,1.25,0.479,95.2,39.6,2136,86.8,87.28
672478,Jordan Diaz,1083,7,6,0.6,1,3,0,4,1.167,102.2,27.4,2188,83.7,83.8
693304,Nick Gonzales,498,3,1,0.6,0.333,0.333,0.333,0.667,0.519,98,34,2491,87.2,87.8
606192,Teoscar Hernández,2673,17,9,0.6,0.529,1.294,0.2,1.824,0.947,96,28,2293,86.7,86.81
663845,Alfonso Rivas III,539,3,2,0.6,0.667,0.667,0.667,1.333,0.355,86.4,29,2194,86,85.8
691016,Tyler Soderstrom,519,3,2,0.6,0.667,2,0,2.667,1.159,99.2,30.3,2353,86.9,86.93
660757,Oscar Gonzalez,687,4,2,0.6,0.5,1,0.333,1.5,0.592,91.5,35,2314,80.2,80.78
656305,Matt Chapman,2451,15,5,0.6,0.357,0.929,0.091,1.286,0.38,95.7,41.2,2303,87.2,87.6
656896,Emmanuel Rivera,1132,7,2,0.6,0.286,0.857,0,1.143,0.388,90.2,36.3,2410,82,82.44
666163,Ben Rortvedt,322,2,1,0.6,0.5,1.5,0,2,0.836,98.5,34,2426,92,91
677800,Wilyer Abreu,361,2,2,0.6,1,3,,4,1.968,107.6,27.5,2312,93.7,93.75
686531,Andre Lipcius,163,1,0,0.6,0,0,0,0,0.034,84,46,2515,87.8,88.1
691023,Jordan Walker,1667,10,6,0.6,0.6,1.8,0,2.4,0.96,101,33.1,2403,86.9,87.23
666150,Dominic Fletcher,380,2,1,0.5,0.5,1.5,0,2,0.361,90.6,31,2513,85,85.85
682073,David Hensley,404,2,1,0.5,0.5,1.5,0,2,0.928,105.1,34,1701,82.1,81.45
665506,Cristian Pache,382,2,0,0.5,0,0,0,0,0.248,87,39.5,2124,95.2,95.55
663993,Nathaniel Lowe,3044,15,5,0.5,0.333,1,0,1.333,0.606,92.5,36.5,2357,85.4,85.27
680757,Steven Kwan,2843,13,6,0.5,0.462,0.923,0.3,1.385,0.395,92,33.8,2082,88.4,88.56
541645,Avisaíl García,436,2,2,0.5,1,3,,4,1.534,107.7,33,2418,83.6,83.35
606132,Raimel Tapia,662,3,3,0.5,1,3,,4,0.966,101.1,31.3,2399,84.7,84.63
656308,Michael Chavis,375,2,2,0.5,1,3,,4,0.879,100.2,25.5,1926,82.6,82.75
656537,Derek Hill,190,1,0,0.5,0,0,0,0,0.017,88.6,58,749,82.7,84.1
607732,Jacob Stallings,1084,5,2,0.5,0.4,1.2,0,1.6,0.418,98.4,34.8,2204,90.5,90.84
672580,Maikel Garcia,1989,9,2,0.5,0.25,0.75,0,1,0.34,93.3,35.6,2642,84.1,83.84
671277,Luis García Jr.,1700,8,4,0.5,0.5,1.375,0.2,1.875,0.628,96.3,32.3,2363,88,88.2
595956,Cam Gallagher,585,3,2,0.5,0.667,0.333,0.667,1,0.679,90.1,33,2244,90,90.23
641505,Jonathan Davis,419,2,1,0.5,0.5,1.5,0,2,1.175,85.5,30,2407,83,83.55
660821,Jesús Sánchez,1657,8,4,0.5,0.5,1.5,0,2,1.283,101.5,36.8,2190,89.1,89.48
665877,José Fermín,219,1,0,0.5,0,0,0,0,0.04,73.2,56,2554,85.6,85.2
656976,Pavin Smith,923,5,2,0.5,0.4,1.2,0,1.6,0.593,95.1,43.2,2143,91.8,92.6
680574,Matt McLain,1672,8,4,0.5,0.5,1.125,0.2,1.625,0.513,99.5,37.3,2380,86.9,87.16
543333,Eric Hosmer,407,2,0,0.5,0,0,0,0,0.106,89.2,27.5,2024,90.2,91.25
669742,Darick Hall,205,1,1,0.5,1,3,,4,1.12,99.8,29,2781,84.2,84.1
681987,Nate Eaton,208,1,0,0.5,0,0,0,0,0.049,78.2,54,2205,91.1,92
677347,Kyren Paris,189,1,0,0.5,0,0,0,0,0.047,77.7,37,1533,84.4,85.1
671056,Iván Herrera,200,1,0,0.5,0,0,0,0,0.011,95.3,49,2161,92.6,93.2
596103,Austin Slater,808,4,3,0.5,0.75,1.75,0.5,2.5,1.098,92.2,28.8,2296,84.5,84.35
643265,Garrett Cooper,1818,9,4,0.5,0.444,1.111,0.167,1.556,0.784,95.5,31.3,2393,85.4,85.8
518934,DJ LeMahieu,2254,12,6,0.5,0.545,1.636,0,2.182,0.836,97,31.3,2287,82.5,82.21
592885,Christian Yelich,2559,10,4,0.4,0.4,1.2,0,1.6,0.842,101.3,30.7,2120,87.6,87.86
696285,Jacob Young,466,2,0,0.4,0,0,0,0,0.042,81.5,37,2290,86.4,85.95
642708,Amed Rosario,1979,8,1,0.4,0.143,0.286,0.125,0.429,0.231,91.2,34.4,2288,87.3,87.65
643565,Mike Tauchman,1711,7,3,0.4,0.429,1.286,0,1.714,0.847,100.4,36,1666,80.8,80.61
668901,Mark Vientos,847,3,2,0.4,1,3,0,4,0.806,102.6,36.7,2400,78.9,79.3
641645,Luis Guillorme,481,2,1,0.4,0.5,1.5,0,2,0.531,97.8,32,2164,90.4,90.15
667472,Dane Myers,262,1,0,0.4,,,0,,0.011,97.7,51,2276,86.4,87
664983,Jake McCarthy,1125,5,3,0.4,0.75,2,0.333,2.75,0.66,97.1,28,2126,87.2,87.62
605612,Harold Castro,994,4,2,0.4,0.5,1,0.333,1.5,0.526,95,35.5,2323,86.7,87.07
671218,Heliot Ramos,246,1,0,0.4,0,0,0,0,0.02,90.4,39,2804,74.8,73.7
680776,Jarren Duran,1397,5,3,0.4,0.6,1.4,0.333,2,0.351,93.7,32.8,1961,83.7,84.14
683021,Michael Stefanic,253,1,0,0.4,0,0,0,0,0.041,87.8,36,2062,87.7,88.5
675961,Alika Williams,458,2,1,0.4,0.5,0,0.5,0.5,0.319,84.1,28,2338,87.8,88.6
624512,Reese McGuire,765,3,1,0.4,0.333,1,0,1.333,0.563,92.7,39,2425,90.7,91.13
681146,Jonah Bride,460,2,0,0.4,0,0,0,0,0.144,101.4,47,2455,86.9,86.95
623912,Harold Ramírez,1564,7,2,0.4,0.286,0.857,0,1.143,0.596,86.7,32.7,2500,84.5,84.19
685133,Wade Meckler,271,1,0,0.4,0,0,0,0,0.059,84.3,29,2000,81.1,80
666915,Bobby Dalbec,229,1,0,0.4,0,0,0,0,0.017,95.9,45,2324,87.5,87.7
542932,Jon Berti,1588,5,1,0.3,0.2,0.6,0,0.8,0.244,87.7,40.8,1886,79.6,79.72
669392,Samad Taylor,310,1,1,0.3,1,1,1,2,1.693,104.8,25,2120,89.3,90.1
570482,Gio Urshela,881,3,1,0.3,0.333,1,0,1.333,0.563,90.5,35.7,2323,89,89.53
681297,Colton Cowser,364,1,0,0.3,0,0,0,0,0.117,91.4,30,1966,95.6,94.8
677592,Everson Pereira,388,1,1,0.3,1,1,1,2,1.326,102.1,27,2441,94.2,92.9
623205,Andrew Velazquez,353,1,1,0.3,1,3,,4,1.536,102.9,26,2818,83.8,83.9
663898,Brendan Rodgers,696,2,1,0.3,0.5,1.5,0,2,0.79,97,37,2291,90.4,90.85
670156,Miles Mastrobuoni,605,2,2,0.3,1,2,1,3,1.111,100.9,29.5,2414,90.8,91.75
608671,Travis Jankowski,1118,3,1,0.3,0.333,1,0,1.333,0.461,85.7,36.7,2353,92.1,92.9
641525,Brandon Dixon,313,1,1,0.3,1,0,1,1,0.742,64.8,34,2187,93.4,94.5
687093,Vaughn Grissom,289,1,0,0.3,0,0,0,0,0.414,74.5,30,1457,85,86.4
678545,Osleivis Basabe,344,1,1,0.3,1,3,,4,1.093,102.2,33,2681,86.7,86.4
672515,Gabriel Moreno,1544,4,3,0.3,0.75,2.25,0,3,1.004,97.7,37.3,2307,88,87.58
663527,Tyler Nevin,464,1,0,0.2,0,0,0,0,0.469,98,24,2181,89,87.6
605119,Brian Anderson,1441,3,2,0.2,0.667,1.333,0.5,2,0.66,97.7,31.3,2198,81.2,81.4
678225,Ji Hwan Bae,1506,3,2,0.2,0.667,1.333,0.5,2,0.944,99.6,26.3,2261,89.5,90.17
641313,Tim Anderson,1942,3,2,0.2,0.667,1.333,0.5,2,0.703,90.9,32.3,2224,84.4,85.2
672356,Gabriel Arias,1345,2,1,0.1,0.5,1.5,0,2,1.018,102.9,35.5,2489,83.5,83.15
664702,Myles Straw,1991,2,1,0.1,0.5,1.5,0,2,0.289,91.1,32.5,1922,89.6,89.4