player_id,player_name,total_pitches,swings,hits,straightaway_fb%,ba,iso,babip,slg,xwoba,launch_speed,launch_angle,spin_rate,velocity,effective_speed
668663,Tres Barrera,7,2,0,28.6,0.000,0.000,0.000,0.000,0.131,89.3,34,2257,84.6,85.1
608703,Matt Reynolds,17,2,1,11.8,0.500,0.000,0.500,0.500,0.373,77.5,36.5,1905,80.5,81.3
676625,Rylan Bannon,21,2,0,9.5,0.000,0.000,0.000,0.000,0.05,84.5,40.5,2297,81.2,81.6
663731,Connor Kaiser,15,1,0,6.7,0.000,0.000,0.000,0.000,1.128,101,30,2175,92.7,92.6
621532,Anthony Bemboom,42,2,0,4.8,0.000,0.000,0.000,0.000,0.076,77.8,51.5,2552,87.9,88.45
656484,Tristan Gray,21,1,1,4.8,1.000,3.000,,4.000,1.494,103.8,32,2172,98.4,98.8
663897,Luke Williams,67,3,0,4.5,0.000,0.000,0.000,0.000,0.115,90.8,43,2339,90.8,91.27
656821,Kevin Padlo,23,1,0,4.3,0.000,0.000,0.000,0.000,0.007,88.1,41,2492,88,89.3
686531,Andre Lipcius,163,7,3,4.3,0.429,0.429,0.333,0.857,0.37,86.9,37.6,2289,90.9,91.19
686490,Cam Eden,24,1,0,4.2,0.000,0.000,0.000,0.000,0.91,100.1,32,2134,82.5,83
592325,Ben Gamel,49,2,0,4.1,0.000,0.000,0.000,0.000,0.734,99.9,32,2201,94.5,95.05
543482,Drew Maggi,25,1,0,4,0.000,0.000,0.000,0.000,0.81,99.6,26,2383,94.5,95.9
657247,Brian O'Keefe,76,3,0,3.9,0.000,0.000,0.000,0.000,0.115,97,45.3,2280,91.8,91
676761,Irving Lopez,52,2,0,3.8,0.000,0.000,0.000,0.000,0.054,91.8,35.5,2342,96.4,97.3
624503,Nick Gordon,309,11,3,3.6,0.273,0.545,0.200,0.818,0.598,96.1,32,2304,90.1,89.85
687799,Cade Marlowe,431,15,5,3.5,0.333,0.400,0.286,0.733,0.385,89.6,34.5,2135,88.6,88.83
672744,Alexander Canario,61,2,2,3.3,1.000,1.500,1.000,2.500,0.67,87.3,32.5,2423,89.2,90.1
572138,Jon Singleton,422,14,1,3.3,0.071,0.071,0.071,0.143,0.314,93.6,35,2185,91.1,90.85
670869,Livan Soto,63,2,0,3.2,0.000,0.000,0.000,0.000,0.262,82.6,37,2449,97,96.95
680716,Jonathan Ornelas,31,1,0,3.2,0.000,0.000,0.000,0.000,0.051,77.7,53,1328,78.2,79
621311,David Dahl,31,1,0,3.2,0.000,0.000,0.000,0.000,0.619,98.6,34,1910,95.3,94.4
663698,Joey Bart,350,11,0,3.1,0.000,0.000,0.000,0.000,0.246,94.8,39.2,2140,90.5,90.74
553882,Omar Narváez,576,17,2,3,0.118,0.059,0.118,0.176,0.318,87.3,34.3,2290,88.3,88.8
645277,Ozzie Albies,2563,76,10,3,0.135,0.243,0.083,0.378,0.38,92.9,35.2,2182,89.1,89.52
666197,Grae Kessinger,165,5,1,3,0.200,0.200,0.200,0.400,0.696,98.2,34.2,2226,85.5,85.44
605361,Nick Martini,314,9,1,2.9,0.111,0.333,0.000,0.444,0.483,92,33.2,2288,88.4,89.06
679881,J.P. Martínez,173,5,0,2.9,0.000,0.000,0.000,0.000,0.052,88.1,44.4,2112,90.8,91.5
543760,Marcus Semien,2799,77,7,2.8,0.095,0.135,0.054,0.230,0.311,90.2,37.7,2345,89.6,89.6
642201,Eli White,71,2,0,2.8,0.000,0.000,0.000,0.000,0.138,88.6,30.5,1781,78.6,79.35
663796,Coco Montes,141,4,0,2.8,0.000,0.000,0.000,0.000,0.203,92.8,38.5,2020,87.4,88.35
670712,Mike Brosseau,299,8,3,2.7,0.375,0.750,0.167,1.125,0.525,90.4,39.1,2196,86.5,86.47
660688,Keibert Ruiz,1887,51,6,2.7,0.120,0.260,0.043,0.380,0.382,92.6,33.3,2257,90.1,90.54
669224,Austin Wells,296,8,2,2.7,0.250,0.250,0.250,0.500,0.777,98.3,33.9,2321,89.8,90.35
640458,Óscar Mercado,112,3,0,2.7,0.000,0.000,0.000,0.000,0.039,93.3,47,2243,91.9,91.77
621458,Edwin Ríos,153,4,1,2.6,0.250,0.750,0.000,1.000,0.484,95.1,45.3,2127,90.8,91.47
664728,Kyle Isbel,1127,29,1,2.6,0.034,0.000,0.034,0.034,0.346,91.1,34.8,2124,88.9,89.22
680418,Tyler Cropley,38,1,0,2.6,0.000,0.000,0.000,0.000,0.035,81.4,35,2233,85.1,84.8
605141,Mookie Betts,2712,68,10,2.5,0.154,0.323,0.065,0.477,0.396,94.8,35.6,2269,90.1,90.45
521692,Salvador Perez,2061,51,14,2.5,0.292,0.521,0.159,0.813,0.572,94.9,34.1,2227,88.1,88.49
664056,Harrison Bader,1238,31,2,2.5,0.065,0.000,0.065,0.065,0.284,89.5,37.4,2309,88.3,88.57
686527,Dominic Canzone,605,15,2,2.5,0.133,0.133,0.133,0.267,0.38,95.3,37.7,2221,89.4,90.04
672779,Tucupita Marcano,731,18,4,2.5,0.222,0.500,0.125,0.722,0.416,95.4,35.9,2169,91.2,91.43
664247,Kyle Garlick,120,3,0,2.5,0.000,0.000,0.000,0.000,0.65,93.5,35.3,2101,85.8,86.13
543510,James McCann,847,21,5,2.5,0.250,0.450,0.111,0.700,0.498,92.8,36.9,2275,90.3,90.74
592450,Aaron Judge,1901,48,18,2.5,0.383,1.000,0.091,1.383,1.045,103,34.4,2233,88.5,88.75
598265,Jackie Bradley Jr.,408,10,1,2.5,0.100,0.100,0.100,0.200,0.52,95.6,37.5,2266,87.2,87.39
572233,Christian Walker,2671,63,17,2.4,0.288,0.407,0.193,0.695,0.552,91.4,34.5,2269,89.3,89.52
665155,Nick Maton,1243,30,5,2.4,0.167,0.200,0.107,0.367,0.337,91,35.6,2226,88.5,88.76
592200,Curt Casali,371,9,1,2.4,0.111,0.111,0.111,0.222,0.239,92,34.7,2264,91.3,91.58
656371,Isan Díaz,85,2,0,2.4,0.000,0.000,0.000,0.000,0.007,92.9,54.5,2138,93.4,94.05
592178,Kris Bryant,1281,31,6,2.4,0.194,0.161,0.167,0.355,0.457,90.7,35.6,2214,89.6,90.05
657061,Cole Tucker,42,1,0,2.4,0.000,0.000,0.000,0.000,0.528,97.8,31,2341,93.1,95.3
663898,Brendan Rodgers,696,17,6,2.4,0.353,0.647,0.214,1.000,0.77,93.9,31.8,2293,85.4,86.19
664913,Seth Brown,1442,35,8,2.4,0.235,0.529,0.100,0.765,0.69,97.5,34.1,2252,89.7,90.21
650333,Luis Arraez,2161,51,6,2.4,0.122,0.082,0.118,0.204,0.26,90.2,34.1,2191,91.2,91.55
681584,David Villar,544,13,1,2.4,0.077,0.231,0.000,0.308,0.622,95.2,35.4,2315,90.4,90.48
572816,Corey Dickerson,546,13,1,2.4,0.083,0.083,0.077,0.167,0.321,91.2,31.9,2263,86.2,86.13
644374,Yu Chang,379,9,3,2.4,0.333,0.667,0.143,1.000,0.354,89.2,34.7,2306,88.6,88.67
543685,Anthony Rendon,762,18,3,2.4,0.200,0.067,0.167,0.267,0.326,88.5,41,2203,89.8,90.02
608324,Alex Bregman,2789,66,5,2.4,0.076,0.091,0.062,0.167,0.327,91.1,37.3,2271,91.3,91.25
593871,Jorge Polanco,1400,32,4,2.3,0.129,0.290,0.034,0.419,0.449,93.6,38.1,2275,89.8,90.17
664954,Brett Sullivan,300,7,1,2.3,0.143,0.000,0.143,0.143,0.121,88.1,40.3,2174,90.6,91
656716,Zach McKinstry,2114,48,8,2.3,0.170,0.170,0.149,0.340,0.366,89.2,37.3,2333,90.3,90.98
669023,Jeter Downs,43,1,1,2.3,1.000,0.000,1.000,1.000,0.9,69.3,25,2713,81.5,81.8
641531,Hunter Dozier,344,8,0,2.3,0.000,0.000,0.000,0.000,0.208,91.7,37.8,2128,88,88.88
519203,Anthony Rizzo,1670,39,1,2.3,0.026,0.077,0.000,0.103,0.277,92.4,36.5,2237,89.8,90.16
643393,Tony Kemp,1481,34,1,2.3,0.029,0.029,0.029,0.059,0.124,90.2,36.1,2239,90.6,90.78
680911,Owen Miller,1192,27,4,2.3,0.167,0.167,0.115,0.333,0.28,90.2,35.2,2221,88.5,88.89
641645,Luis Guillorme,481,11,1,2.3,0.091,0.091,0.091,0.182,0.125,90.9,38.5,2238,89.7,90.26
643217,Andrew Benintendi,2351,55,6,2.3,0.111,0.074,0.109,0.185,0.306,91.5,35.7,2280,89,89.52
678246,Miguel Vargas,1204,28,6,2.3,0.231,0.538,0.083,0.769,0.382,93.3,37.7,2202,89.2,89.5
502110,J.D. Martinez,1865,43,16,2.3,0.390,0.951,0.156,1.341,0.751,98.9,35.3,2224,89.3,89.64
594777,Kole Calhoun,681,16,4,2.3,0.267,0.267,0.200,0.533,0.463,87.5,36.8,2299,90.1,90.48
608369,Corey Seager,1846,42,16,2.3,0.390,0.902,0.161,1.293,0.786,97.7,34.9,2236,88.9,88.91
573131,Darin Ruf,264,6,1,2.3,0.167,0.167,0.167,0.333,0.714,98.8,30.7,2261,92.6,92.8
656514,Adam Haseley,129,3,0,2.3,0.000,0.000,0.000,0.000,0.27,93,38.3,2004,83,82.97
596146,Max Kepler,1924,45,7,2.3,0.156,0.311,0.073,0.467,0.493,93.1,37.5,2288,88.3,88.55
667670,Brent Rooker,2152,50,12,2.3,0.240,0.600,0.050,0.840,0.59,94.2,37.8,2266,89.8,90.06
666139,Josh Lowe,2036,46,16,2.3,0.364,0.795,0.167,1.159,0.703,95,33.3,2253,86.7,86.76
656448,Stone Garrett,1039,24,4,2.3,0.174,0.435,0.048,0.609,0.642,95.2,36.2,2186,87.8,88.25
663616,Trevor Larnach,915,21,6,2.3,0.316,0.947,0.000,1.263,0.729,99.9,34.3,2214,90.3,90.77
656976,Pavin Smith,923,21,5,2.3,0.238,0.429,0.111,0.667,0.513,91.8,35.8,2210,88,88.46
543228,Yan Gomes,1586,36,8,2.3,0.229,0.400,0.125,0.629,0.454,91.9,36,2207,86.9,87.13
669004,MJ Melendez,2440,57,5,2.3,0.088,0.193,0.037,0.281,0.381,94.8,40,2234,87.6,87.82
673237,Yainer Diaz,1298,28,9,2.2,0.375,0.458,0.269,0.833,0.672,92.6,32.7,2339,88.8,88.9
571912,Luke Maile,766,17,6,2.2,0.353,0.588,0.267,0.941,0.725,98,33.9,2328,89.7,90.04
663656,Kyle Tucker,2570,56,9,2.2,0.164,0.309,0.096,0.473,0.515,93.8,35.2,2193,87.6,87.88
596142,Gary Sánchez,1091,24,8,2.2,0.348,0.826,0.111,1.174,0.78,95.5,35,2159,89.2,89.5
493329,Yuli Gurriel,1189,26,0,2.2,0.000,0.000,0.000,0.000,0.179,89.7,37.5,2187,90.9,91.02
660620,Jonathan Araúz,273,6,0,2.2,0.000,0.000,0.000,0.000,0.091,81.9,35.3,2146,82.7,82.95
607208,Trea Turner,2675,59,7,2.2,0.119,0.237,0.055,0.356,0.432,94.4,35.1,2293,89.8,89.75
608596,Tom Murphy,593,13,4,2.2,0.364,0.818,0.100,1.182,0.647,95.8,33.3,2251,88.4,88.58
665487,Fernando Tatis Jr.,2335,52,10,2.2,0.196,0.333,0.106,0.529,0.653,95.6,34.8,2244,88.8,88.9
641525,Brandon Dixon,313,7,3,2.2,0.429,0.857,0.200,1.286,0.69,90.7,30.6,2092,88.6,89.13
624585,Jorge Soler,2315,51,15,2.2,0.306,0.694,0.100,1.000,0.627,95.7,37.3,2277,89.7,89.96
666164,Blake Rutherford,135,3,0,2.2,0.000,0.000,0.000,0.000,0.162,83.3,38,2359,89.3,90.07
668901,Mark Vientos,847,19,5,2.2,0.263,0.789,0.000,1.053,0.731,98.2,34.6,2174,87.8,88.09
572041,AJ Pollock,557,12,1,2.2,0.083,0.250,0.000,0.333,0.422,94.6,35.8,2199,86.5,86.49
663905,Travis Blankenhorn,136,3,1,2.2,0.333,1.000,0.000,1.333,0.664,96.6,31.7,2322,92,92.2
624428,Adam Frazier,1750,39,7,2.2,0.184,0.184,0.135,0.368,0.298,85.4,35.1,2255,88,88.05
641355,Cody Bellinger,2158,47,10,2.2,0.227,0.341,0.140,0.568,0.299,91.3,37.5,2225,89.7,89.99
570482,Gio Urshela,881,19,4,2.2,0.211,0.158,0.167,0.368,0.319,86.4,37.2,2316,85.1,85.22
592696,Eddie Rosario,1908,42,10,2.2,0.244,0.561,0.111,0.805,0.402,93.1,39,2213,89.1,89.49
647304,Josh Naylor,1649,34,5,2.1,0.147,0.265,0.065,0.412,0.321,91.3,35.7,2182,87.9,88.31
608070,José Ramírez,2610,56,10,2.1,0.196,0.333,0.098,0.529,0.414,92.2,34.7,2269,87.7,88.02
666150,Dominic Fletcher,380,8,2,2.1,0.250,0.375,0.143,0.625,0.476,90.6,33.4,2320,88.4,88.26
621550,Patrick Wisdom,1318,28,11,2.1,0.407,1.000,0.150,1.407,0.779,99.3,35,2278,87.8,87.75
592518,Manny Machado,2284,49,7,2.1,0.152,0.196,0.106,0.348,0.474,93.5,35.7,2242,89,89.16
623993,Anthony Santander,2764,57,9,2.1,0.164,0.382,0.040,0.545,0.379,93.1,38.4,2242,88.5,88.71
518692,Freddie Freeman,2753,58,24,2.1,0.414,0.707,0.277,1.121,0.745,95.4,32.8,2277,88.9,89.07
670770,TJ Friedl,2194,46,7,2.1,0.156,0.089,0.133,0.244,0.221,85.2,34.8,2225,90.7,91.11
682641,Luis Matos,901,19,2,2.1,0.105,0.053,0.105,0.158,0.301,90.9,34.3,2238,89.2,89.26
621493,Taylor Ward,1635,34,5,2.1,0.156,0.094,0.121,0.250,0.401,92.1,37.1,2194,90.6,90.98
656775,Cedric Mullins,1782,38,6,2.1,0.158,0.158,0.135,0.316,0.27,90.6,39.3,2313,89.1,89.07
571745,Mitch Haniger,925,19,2,2.1,0.105,0.316,0.000,0.421,0.55,94.6,35.2,2322,90.3,90.95
664058,David Fletcher,327,7,0,2.1,0.000,0.000,0.000,0.000,0.115,82.8,36,2174,89.7,89.97
669477,Casey Schmitt,965,20,5,2.1,0.250,0.250,0.211,0.500,0.384,90.3,36.7,2282,86.9,87.65
650402,Gleyber Torres,2647,55,8,2.1,0.157,0.294,0.078,0.451,0.473,94.7,34.5,2338,89.2,89.41
676369,Nelson Velázquez,704,15,5,2.1,0.333,0.800,0.091,1.133,0.745,96.4,35.5,2169,88.8,88.95
641343,Jake Bauers,1169,24,9,2.1,0.391,0.652,0.250,1.043,0.798,94.6,34.4,2274,89.4,90.01
595909,Jake Cave,813,17,4,2.1,0.235,0.471,0.133,0.706,0.463,94.7,38.6,2257,88.5,88.6
682515,Logan Porter,146,3,0,2.1,0.000,0.000,0.000,0.000,0.318,92.7,34.3,2108,81.9,82.57
543257,Robbie Grossman,1716,36,3,2.1,0.094,0.031,0.083,0.125,0.172,89.2,40,2242,89.7,89.88
641933,Tyler O'Neill,1042,22,3,2.1,0.136,0.318,0.050,0.455,0.492,95.6,36.7,2281,87.7,88.16
572008,Chris Owings,95,2,1,2.1,0.500,0.000,0.500,0.500,0.218,87.3,41,2124,83.2,83.05
622569,Pablo Reyes,709,15,1,2.1,0.077,0.000,0.067,0.077,0.274,90.8,34.6,2296,84.7,84.69
666969,Adolis García,2562,50,15,2,0.313,0.792,0.079,1.104,0.719,98,35.5,2258,88.7,88.66
621438,Tyrone Taylor,889,18,2,2,0.118,0.059,0.111,0.176,0.398,95.3,38.2,2245,89.5,89.98
682928,CJ Abrams,2212,44,4,2,0.095,0.238,0.024,0.333,0.447,93.6,35.7,2231,90.8,90.86
516782,Starling Marte,1269,25,6,2,0.240,0.000,0.240,0.240,0.426,89.5,34.7,2257,88.3,88.72
542583,Jesús Aguilar,448,9,2,2,0.222,0.333,0.125,0.556,0.343,90.9,35.9,2353,89.6,89.82
680700,Richie Palacios,408,8,1,2,0.125,0.125,0.125,0.250,0.347,91.4,30.8,2085,88.5,88.31
592663,J.T. Realmuto,2096,42,10,2,0.238,0.476,0.158,0.714,0.556,95.2,35.1,2280,88.3,88.66
669304,Jose Miranda,545,11,1,2,0.091,0.000,0.091,0.091,0.196,88.4,39.1,2194,88.1,88.31
593160,Whit Merrifield,2200,45,9,2,0.214,0.262,0.143,0.476,0.296,89.7,34.8,2293,89.6,89.71
446334,Evan Longoria,927,19,5,2,0.263,0.474,0.125,0.737,0.569,94.3,37.8,2270,89.4,89.54
664040,Brandon Lowe,1718,35,7,2,0.212,0.485,0.067,0.697,0.593,95.2,37.2,2185,90.4,90.39
571771,Enrique Hernández,1964,40,6,2,0.162,0.135,0.128,0.297,0.267,89,37.9,2296,89.1,89.5
673357,Luis Robert Jr.,2200,43,16,2,0.372,0.907,0.129,1.279,0.772,96.3,35.4,2360,88.3,88.7
676694,Jake Meyers,1325,27,1,2,0.037,0.111,0.000,0.148,0.383,92.2,38.8,2271,89.4,89.27
656305,Matt Chapman,2451,50,10,2,0.200,0.380,0.130,0.580,0.682,97.3,37.7,2324,89.7,89.9
670097,Zack Short,1027,21,1,2,0.050,0.050,0.048,0.100,0.434,94,37.6,2274,87.6,87.78
669357,Nolan Gorman,1889,37,8,2,0.222,0.667,0.000,0.889,0.608,97,38.6,2187,88.6,88.84
682626,Francisco Alvarez,1622,32,6,2,0.188,0.563,0.000,0.750,0.459,94.9,38.1,2265,89.5,89.51
666149,Tyler Fitzgerald,147,3,1,2,0.333,0.000,0.333,0.333,0.142,80.7,36.3,2371,91.1,91.97
686894,Joey Wiemer,1585,32,3,2,0.097,0.226,0.033,0.323,0.419,93.1,35,2315,87,87.11
624415,Cavan Biggio,1387,28,6,2,0.231,0.308,0.154,0.538,0.493,93.8,33,2221,90.8,90.91
628451,Andy Ibáñez,1376,28,2,2,0.074,0.148,0.037,0.222,0.504,93.9,34.6,2238,87.5,87.7
643446,Jeff McNeil,2193,43,1,2,0.024,0.000,0.023,0.024,0.175,90.3,35.9,2187,91.2,91.38
543063,Brandon Crawford,1227,24,4,2,0.174,0.304,0.091,0.478,0.385,91.2,40.7,2289,89.9,90.43
614173,Franchy Cordero,250,5,2,2,0.400,1.200,0.000,1.600,0.951,98.8,30.8,2445,91.3,91.66
665019,Kody Clemens,609,12,1,2,0.083,0.250,0.000,0.333,0.216,93.3,41.9,2082,89.6,89.72
642133,Rowdy Tellez,1503,30,7,2,0.250,0.536,0.080,0.786,0.426,92.3,34,2236,87.8,88.35
643376,Danny Jansen,1185,23,2,1.9,0.087,0.043,0.087,0.130,0.29,91.6,36.7,2281,89.8,90
669221,Sean Murphy,1748,34,9,1.9,0.265,0.559,0.107,0.824,0.644,93.7,36.6,2227,88.8,89.21
641598,Mitch Garver,1430,27,9,1.9,0.333,0.593,0.182,0.926,0.573,91.7,37,2173,90.6,90.95
682848,Endy Rodríguez,776,15,5,1.9,0.333,0.533,0.231,0.867,0.527,90.7,38.6,2324,88.3,88.52
671213,Triston Casas,2062,39,8,1.9,0.216,0.486,0.061,0.703,0.611,95,37.5,2230,88.2,88.51
518792,Jason Heyward,1439,27,7,1.9,0.259,0.593,0.091,0.852,0.505,92.7,35.8,2231,89.3,89.6
671221,Drew Waters,1317,25,6,1.9,0.240,0.280,0.208,0.520,0.452,92.4,38,2268,89.2,89.21
660271,Shohei Ohtani,2321,43,20,1.9,0.465,1.395,0.000,1.860,1.066,101.6,34.9,2203,88.7,89.18
656413,Stuart Fairchild,957,18,1,1.9,0.056,0.167,0.000,0.222,0.37,91.4,37.3,2298,87.8,88.16
663527,Tyler Nevin,464,9,2,1.9,0.222,0.333,0.125,0.556,0.637,91.6,35.3,2217,86.8,86.77
666160,Mickey Moniak,1161,22,9,1.9,0.409,0.818,0.188,1.227,0.632,92.3,36.1,2342,91.3,91.46
670764,Taylor Walls,1420,27,5,1.9,0.185,0.222,0.154,0.407,0.316,91.1,37,2213,92.2,92.57
676391,Ernie Clement,155,3,1,1.9,0.500,0.000,0.333,0.500,0.337,82.2,32.3,2176,88.4,88.6
621566,Matt Olson,3092,59,20,1.9,0.345,1.000,0.025,1.345,0.822,99.1,36.4,2198,88.2,88.69
676480,Jose Barrero,584,11,0,1.9,0.000,0.000,0.000,0.000,0.119,91.4,42,2229,88.7,88.93
642086,Dominic Smith,2210,41,9,1.9,0.220,0.317,0.135,0.537,0.423,91.6,36.7,2278,88.4,88.96
658668,Edward Olivares,1420,27,10,1.9,0.385,0.423,0.320,0.808,0.597,89,33,2209,89.3,89.63
666181,Will Benson,1368,26,10,1.9,0.400,0.920,0.200,1.320,0.73,95.9,33.2,2202,89.6,89.75
664774,LaMonte Wade Jr.,2102,40,7,1.9,0.184,0.316,0.083,0.500,0.53,93.1,36,2215,88.4,88.96
622761,Jorge Mateo,1317,25,4,1.9,0.174,0.261,0.087,0.435,0.447,90.6,35,2334,86.5,86.98
687263,Zach Neto,1288,25,2,1.9,0.083,0.125,0.042,0.208,0.266,93.4,37.1,2336,89.6,90
572191,Michael A. Taylor,1526,29,5,1.9,0.172,0.414,0.040,0.586,0.647,98.1,38.3,2280,89.6,89.88
592656,Henry Ramos,311,6,3,1.9,0.500,0.500,0.500,1.000,0.473,90.4,29.2,2090,94,94
669701,Josh Smith,977,19,2,1.9,0.111,0.056,0.105,0.167,0.405,94.6,35.6,2271,90.9,90.84
663586,Austin Riley,2861,54,14,1.9,0.286,0.776,0.048,1.061,0.761,98,35.9,2290,88.4,88.82
527038,Wilmer Flores,1875,36,11,1.9,0.306,0.389,0.219,0.694,0.481,90.4,33.4,2259,90.8,90.99
646240,Rafael Devers,2579,49,16,1.9,0.340,0.574,0.214,0.915,0.603,95.2,36.5,2284,88.4,88.71
669743,Alex Call,1832,34,2,1.9,0.061,0.182,0.000,0.242,0.321,92.7,35.1,2262,91,91.25
656185,Greg Allen,106,2,0,1.9,0.000,0.000,0.000,0.000,0.012,88.8,44.5,2313,90.8,91.3
519058,Mike Moustakas,1502,28,2,1.9,0.071,0.107,0.037,0.179,0.205,89.1,37.1,2276,88.8,88.95
571970,Max Muncy,2485,46,11,1.9,0.256,0.581,0.079,0.837,0.557,94.7,38,2260,89.7,90.11
595956,Cam Gallagher,585,11,0,1.9,0.000,0.000,0.000,0.000,0.185,87.4,40.5,2265,88.4,88.56
669261,Jack Suwinski,2281,43,11,1.9,0.262,0.548,0.111,0.810,0.61,95.2,37.7,2212,89.8,90.21
542194,Christian Bethancourt,1180,23,7,1.9,0.304,0.783,0.059,1.087,0.629,95.6,34.5,2345,87.5,87.49
660670,Ronald Acuña Jr.,2782,52,14,1.9,0.269,0.808,0.000,1.077,0.939,102,34.7,2328,88.6,88.92
663728,Cal Raleigh,2338,45,5,1.9,0.111,0.156,0.070,0.267,0.466,91.1,37.2,2270,89.3,89.56
596019,Francisco Lindor,2741,52,8,1.9,0.157,0.431,0.022,0.588,0.497,94.4,36.8,2194,91.2,91.35
663647,Ke'Bryan Hayes,1929,36,5,1.9,0.139,0.278,0.061,0.417,0.463,93.7,35.3,2299,88,88.24
606192,Teoscar Hernández,2673,50,15,1.9,0.319,0.787,0.079,1.106,0.73,97.9,35.8,2357,86.5,86.7
624413,Pete Alonso,2567,50,17,1.9,0.340,0.820,0.108,1.160,0.716,95,37.3,2246,90.3,90.6
595453,Chad Wallach,690,13,5,1.9,0.385,1.077,0.111,1.462,0.894,97.8,32.5,2294,88.2,88.49
621028,Kevin Newman,912,17,1,1.9,0.063,0.063,0.059,0.125,0.157,89.5,39.2,2300,89.2,89.75
663743,Nick Fortes,1129,22,1,1.9,0.045,0.136,0.000,0.182,0.307,93.2,34.5,2261,90,90.31
670541,Yordan Alvarez,1908,36,12,1.9,0.353,0.588,0.200,0.941,0.856,96.8,32.8,2139,89.2,89.2
683734,Andrew Vaughn,2317,41,5,1.8,0.128,0.231,0.053,0.359,0.488,94.4,36.3,2220,90.5,90.94
621439,Byron Buxton,1367,25,4,1.8,0.167,0.500,0.000,0.667,0.627,98.4,35.2,2117,89.4,89.71
572761,Matt Carpenter,1014,18,3,1.8,0.188,0.188,0.167,0.375,0.409,91.6,38,2274,91.6,91.94
680574,Matt McLain,1672,30,9,1.8,0.300,0.667,0.125,0.967,0.609,95.9,33.5,2286,89.4,89.83
693304,Nick Gonzales,498,9,4,1.8,0.500,0.750,0.286,1.250,0.624,86,33.8,2230,91,91.01
650907,René Pinto,398,7,2,1.8,0.286,0.857,0.000,1.143,0.887,101.3,35.3,2435,88.9,88.44
602074,Yonathan Daza,275,5,2,1.8,0.400,0.400,0.400,0.800,0.18,84.8,37.4,2124,85.6,86.12
665923,Esteury Ruiz,1753,31,6,1.8,0.200,0.000,0.194,0.200,0.351,86.4,36.3,2242,88.5,88.54
656495,Dalton Guthrie,113,2,1,1.8,0.500,0.000,0.500,0.500,0.658,80.7,27.5,1812,89.4,89.6
624424,Michael Conforto,1900,35,8,1.8,0.229,0.457,0.100,0.686,0.522,95,36.9,2194,88.9,89.26
686823,Will Brennan,1611,29,1,1.8,0.036,0.000,0.034,0.036,0.267,87.8,36.1,2307,87.7,87.95
663624,Ryan Mountcastle,1743,32,12,1.8,0.414,0.828,0.200,1.241,0.752,95.6,34.4,2329,87.9,88.09
681351,Logan O'Hoppe,761,14,3,1.8,0.231,0.692,0.000,0.923,0.431,93.5,36.6,2168,90.6,90.9
592206,Nick Castellanos,2427,44,13,1.8,0.310,0.619,0.162,0.929,0.599,93.1,36.8,2214,86.9,87.1
641680,Jonah Heim,1996,35,9,1.8,0.257,0.400,0.161,0.657,0.481,92.2,34.9,2203,88,88.12
666971,Lourdes Gurriel Jr.,2216,40,4,1.8,0.100,0.100,0.077,0.200,0.381,92.1,35.9,2238,88.8,89.07
467793,Carlos Santana,2463,44,7,1.8,0.171,0.122,0.140,0.293,0.213,89.7,37.3,2254,89.5,89.78
453568,Charlie Blackmon,1518,28,2,1.8,0.074,0.037,0.071,0.111,0.224,88.3,38.3,2257,88.4,88.78
672724,Oswald Peraza,721,13,1,1.8,0.077,0.231,0.000,0.308,0.462,92.5,35.2,2351,91,91.18
680869,Zack Gelof,1155,21,6,1.8,0.286,0.571,0.118,0.857,0.536,91.2,37.6,2131,88.3,88.54
642350,Jose Siri,1340,24,8,1.8,0.333,0.792,0.111,1.125,0.713,98.7,37.5,2202,87.9,87.86
672820,Lenyn Sosa,628,11,2,1.8,0.182,0.364,0.100,0.545,0.617,97.1,35.5,2194,89.7,89.93
676356,Jonny DeLuca,167,3,0,1.8,0.000,0.000,0.000,0.000,0.217,92.6,31.7,2091,87,87.4
686681,Michael Massey,1841,34,4,1.8,0.121,0.152,0.091,0.273,0.372,89.9,35.6,2301,89.6,89.91
543281,Josh Harrison,392,7,1,1.8,0.143,0.000,0.143,0.143,0.219,90.2,36.3,2404,82.8,82.63
650859,Luis Rengifo,1676,31,5,1.8,0.179,0.393,0.071,0.571,0.403,92.2,34,2179,89.5,89.97
657077,Alex Verdugo,2364,42,7,1.8,0.171,0.195,0.146,0.366,0.383,90.8,35.7,2273,88.5,88.65
621020,Dansby Swanson,2558,45,8,1.8,0.178,0.444,0.051,0.622,0.617,95.7,34.3,2229,90.4,90.49
643289,Mauricio Dubón,1671,30,3,1.8,0.100,0.100,0.100,0.200,0.258,89.5,36.9,2245,86.6,86.53
673962,Josh Jung,1976,36,6,1.8,0.167,0.444,0.032,0.611,0.568,95.7,34.9,2309,87.2,87.28
605612,Harold Castro,994,18,4,1.8,0.222,0.167,0.222,0.389,0.37,91.6,32.3,2408,88.3,89.15
621035,Chris Taylor,1622,30,11,1.8,0.367,0.600,0.208,0.967,0.509,90.8,38.2,2327,90,90.1
458015,Joey Votto,938,17,4,1.8,0.235,0.471,0.133,0.706,0.275,94,40.9,2014,86.5,86.75
662139,Daulton Varsho,2313,42,5,1.8,0.122,0.268,0.051,0.390,0.458,91.8,33.4,2108,89,89.19
543807,George Springer,2528,46,12,1.8,0.273,0.386,0.171,0.659,0.552,92.8,34.2,2291,88.8,89.18
668904,Royce Lewis,906,16,5,1.8,0.313,0.563,0.154,0.875,0.644,93.3,34.8,2179,87.5,87.51
680118,Dairon Blanco,509,9,0,1.8,0.000,0.000,0.000,0.000,0.123,87.7,39.9,2349,88.6,89.07
807799,Masataka Yoshida,2197,40,13,1.8,0.325,0.500,0.229,0.825,0.535,91.1,33,2274,87,86.87
671277,Luis García Jr.,1700,30,6,1.8,0.222,0.333,0.143,0.556,0.565,94.2,35.6,2309,89,89.23
592192,Mark Canha,2085,37,6,1.8,0.162,0.108,0.162,0.270,0.345,90.9,36.4,2219,90.3,90.65
664770,Nathan Lukes,112,2,1,1.8,0.500,0.000,0.500,0.500,0.451,82.6,29,2421,87,87.05
673548,Seiya Suzuki,2445,43,9,1.8,0.214,0.429,0.105,0.643,0.541,93.4,35.4,2232,87.4,87.44
657136,Connor Wong,1541,27,5,1.8,0.185,0.296,0.120,0.481,0.405,92.4,37.1,2352,87.5,87.61
668800,Andrew Knizner,831,15,2,1.8,0.133,0.200,0.071,0.333,0.317,89.7,40.4,2294,90.1,90.33
573262,Mike Yastrzemski,1573,26,1,1.7,0.038,0.115,0.000,0.154,0.344,93.2,37.8,2154,88.8,89.73
669364,Xavier Edwards,298,5,0,1.7,0.000,0.000,0.000,0.000,0.144,89.8,35.6,2356,91.3,91.68
594807,Adam Duvall,1336,23,3,1.7,0.130,0.348,0.048,0.478,0.311,93.8,41.5,2286,91.1,91.35
668804,Bryan Reynolds,2524,42,9,1.7,0.225,0.550,0.057,0.775,0.614,96.1,36,2251,87.5,87.62
642336,Francisco Mejía,578,10,0,1.7,0.000,0.000,0.000,0.000,0.121,87.7,36.7,2174,89.4,89.72
676724,Jared Young,174,3,0,1.7,0.000,0.000,0.000,0.000,0.015,88.3,46,1839,88.4,88.47
553869,Elias Díaz,1984,33,8,1.7,0.258,0.290,0.194,0.548,0.381,91.8,37.4,2183,88.8,89.37
623168,Tyler Heineman,181,3,0,1.7,0.000,0.000,0.000,0.000,0.248,84.9,39.7,2314,93.4,93.53
680777,Ryan Jeffers,1327,22,10,1.7,0.455,0.864,0.294,1.318,0.792,95.9,33.5,2261,86.8,87.08
666624,Christopher Morel,1655,28,11,1.7,0.393,0.821,0.190,1.214,0.663,95.3,36.7,2354,88.3,88.49
649557,Aledmys Díaz,1179,20,2,1.7,0.111,0.167,0.053,0.278,0.353,91.5,36.5,2258,89.2,89.23
457759,Justin Turner,2670,46,9,1.7,0.205,0.273,0.140,0.477,0.393,92.8,35.9,2302,89.6,89.92
553993,Eugenio Suárez,2903,49,12,1.7,0.267,0.511,0.119,0.778,0.589,94.4,36.2,2199,91.1,91.49
669257,Will Smith,2292,40,10,1.7,0.303,0.576,0.118,0.879,0.585,92.8,33.3,2258,87.9,88.3
676801,Chas McCormick,1805,30,8,1.7,0.267,0.533,0.154,0.800,0.676,95.9,34,2283,88.8,88.79
669397,Nick Allen,1168,20,2,1.7,0.105,0.053,0.100,0.158,0.256,87.6,32.4,2286,90.8,90.87
667452,Corey Julks,1326,23,1,1.7,0.043,0.130,0.000,0.174,0.338,88.4,37.3,2267,87,87.23
669065,Kyle Stowers,118,2,0,1.7,0.000,0.000,0.000,0.000,0.281,98.5,40,1964,91.4,92.5
691023,Jordan Walker,1667,29,6,1.7,0.214,0.214,0.148,0.429,0.476,90.8,34.3,2339,87.2,87.27
669720,Austin Hays,2122,37,11,1.7,0.306,0.500,0.212,0.806,0.544,91.1,34,2291,88.4,88.63
665489,Vladimir Guerrero Jr.,2441,42,3,1.7,0.075,0.175,0.025,0.250,0.488,95.3,36.1,2361,89.6,89.54
641943,Joshua Palacios,958,16,3,1.7,0.188,0.500,0.071,0.688,0.52,96.7,35.9,2068,89.6,89.97
643265,Garrett Cooper,1818,31,12,1.7,0.387,0.903,0.136,1.290,0.641,96.5,35.2,2225,88.7,88.94
670223,Matt Mervis,405,7,1,1.7,0.143,0.429,0.000,0.571,0.659,95.8,31.3,2265,89.4,90.13
642715,Willy Adames,2596,45,9,1.7,0.214,0.500,0.053,0.714,0.507,91.9,36.4,2273,89.4,89.86
607680,Kevin Pillar,756,13,2,1.7,0.182,0.364,0.083,0.545,0.316,95.1,37,2216,87.2,87.65
514888,Jose Altuve,1557,26,7,1.7,0.280,0.600,0.136,0.880,0.602,94.2,35.8,2307,86.4,86.45
462101,Elvis Andrus,1592,27,4,1.7,0.154,0.115,0.115,0.269,0.248,87,37.3,2280,88.6,88.98
686469,Vinnie Pasquantino,1013,17,2,1.7,0.118,0.235,0.063,0.353,0.325,91.6,33.6,2085,86.8,87.03
543543,Brad Miller,291,5,0,1.7,0.000,0.000,0.000,0.000,0.161,93.5,36.6,2367,92.6,92.38
664874,Seby Zavala,763,13,0,1.7,0.000,0.000,0.000,0.000,0.134,90.6,39,2272,84.6,84.44
663538,Nico Hoerner,2539,42,6,1.7,0.143,0.143,0.100,0.286,0.217,88.6,35,2197,90,90.38
669134,Luis Campusano,601,10,2,1.7,0.222,0.444,0.111,0.667,0.478,94.4,32,2225,88.2,87.91
683737,Michael Busch,353,6,1,1.7,0.200,0.600,0.000,0.800,0.296,89.9,39.5,2243,89.7,90.63
669003,Garrett Mitchell,289,5,0,1.7,0.000,0.000,0.000,0.000,0.238,92,38.4,1940,88.1,88.78
696100,Hunter Goodman,293,5,0,1.7,0.000,0.000,0.000,0.000,0.301,91.7,38.6,2321,87.2,88.04
641796,Tim Locastro,238,4,1,1.7,0.250,0.750,0.000,1.000,0.621,93.3,38.3,2248,93.1,92.65
656896,Emmanuel Rivera,1132,19,2,1.7,0.111,0.167,0.056,0.278,0.39,94.8,36,2293,87.9,87.93
656582,Connor Joe,1983,34,7,1.7,0.206,0.382,0.129,0.588,0.46,92.1,37.9,2156,89.6,89.83
677800,Wilyer Abreu,361,6,1,1.7,0.167,0.167,0.167,0.333,0.6,89.8,33.2,2299,92,92.12
668715,Spencer Steer,2684,45,11,1.7,0.250,0.386,0.150,0.636,0.45,90.4,34.8,2238,86.2,86.5
668709,JJ Bleday,1213,21,3,1.7,0.150,0.450,0.000,0.600,0.444,94.4,34.4,2275,90.5,90.8
670042,Luke Raley,1545,24,9,1.6,0.391,0.826,0.167,1.217,0.872,95.3,33.2,2229,90.7,90.93
677347,Kyren Paris,189,3,0,1.6,0.000,0.000,0.000,0.000,0.491,97.5,33.7,2323,90.9,90.8
641432,Willie Calhoun,562,9,0,1.6,0.000,0.000,0.000,0.000,0.151,92.4,34.7,2266,88.4,89.29
543939,Kolten Wong,984,16,2,1.6,0.133,0.067,0.125,0.200,0.306,87.9,34.8,2191,89.5,89.96
669911,Michael Toglia,580,9,1,1.6,0.111,0.000,0.111,0.111,0.337,90.6,39.8,2140,89.1,89.51
687952,Christian Encarnacion-Strand,936,15,3,1.6,0.200,0.600,0.000,0.800,0.337,94.3,38.7,2253,87.6,87.9
644433,Chadwick Tromp,62,1,0,1.6,0.000,0.000,0.000,0.000,0.021,89.7,34,2223,89.1,89.6
672275,Patrick Bailey,1411,22,6,1.6,0.273,0.455,0.200,0.727,0.722,93.1,32.8,2165,88.7,89.02
502671,Paul Goldschmidt,2847,45,10,1.6,0.222,0.511,0.079,0.733,0.681,95.4,34.2,2283,89.4,89.59
660757,Oscar Gonzalez,687,11,2,1.6,0.200,0.000,0.182,0.200,0.456,90.6,31.3,2152,85.5,85.85
672695,Geraldo Perdomo,2064,32,3,1.6,0.097,0.000,0.094,0.097,0.194,87.2,34.7,2264,90.3,90.65
677551,Wander Franco,1901,30,4,1.6,0.138,0.310,0.037,0.448,0.526,93.8,35.3,2220,88.7,88.87
444482,David Peralta,1530,25,4,1.6,0.174,0.130,0.125,0.304,0.319,88.8,35.1,2280,88.1,88.78
630105,Jake Cronenworth,2060,33,3,1.6,0.097,0.161,0.063,0.258,0.328,90.6,34.3,2243,87.2,87.22
545121,Ildemaro Vargas,1024,16,1,1.6,0.063,0.125,0.063,0.188,0.189,90.4,40.2,2219,89.6,89.96
595777,Jurickson Profar,2104,34,6,1.6,0.194,0.129,0.152,0.323,0.293,86.7,36.4,2253,88.9,89.52
663611,Nick Madrigal,1065,17,3,1.6,0.176,0.059,0.176,0.235,0.201,83.3,36.4,2394,88.7,88.52
669289,Santiago Espinal,989,16,2,1.6,0.133,0.133,0.125,0.267,0.205,89.2,38.3,2188,89.6,89.74
679529,Spencer Torkelson,2814,44,9,1.6,0.209,0.163,0.186,0.372,0.505,93.5,36,2275,89.4,89.84
668731,Akil Baddoo,1415,23,4,1.6,0.174,0.304,0.095,0.478,0.581,93.1,34.7,2257,90.1,90.87
676059,Jordan Westburg,869,14,4,1.6,0.308,0.538,0.167,0.846,0.501,93,35.5,2330,88.1,88.48
455117,Martín Maldonado,1584,26,4,1.6,0.154,0.192,0.120,0.346,0.512,94.1,37.3,2295,88,88.24
607732,Jacob Stallings,1084,17,2,1.6,0.118,0.235,0.063,0.353,0.474,95.9,31.8,2311,91,91.02
669242,Tommy Edman,1809,29,1,1.6,0.036,0.107,0.000,0.143,0.244,90.9,36.7,2208,87.7,87.7
681807,David Fry,431,7,2,1.6,0.286,0.143,0.286,0.429,0.443,92.1,36.4,2211,89.6,89.79
608348,Carson Kelly,559,9,0,1.6,0.000,0.000,0.000,0.000,0.104,88.8,40.4,2365,89,89.06
656541,Sam Hilliard,312,5,1,1.6,0.200,0.600,0.000,0.800,0.377,95.6,41,2327,81.2,81.7
677008,Heston Kjerstad,124,2,0,1.6,0.000,0.000,0.000,0.000,0.811,97.1,30,2434,80,79.45
665804,Miguel Amaya,624,10,1,1.6,0.100,0.000,0.100,0.100,0.431,89.9,38.1,2194,90.7,91.16
683021,Michael Stefanic,253,4,0,1.6,0.000,0.000,0.000,0.000,0.167,93.6,29,2291,88.8,88.55
605137,Josh Bell,2428,40,10,1.6,0.256,0.513,0.118,0.769,0.56,93.6,34,2289,88.7,88.85
668930,Brice Turang,1795,28,5,1.6,0.179,0.143,0.148,0.321,0.399,88.5,36.4,2276,88,88.55
666163,Ben Rortvedt,322,5,0,1.6,0.000,0.000,0.000,0.000,0.149,87.5,30.6,2278,92.2,92.92
664034,Ty France,2425,39,7,1.6,0.184,0.105,0.158,0.289,0.498,89.7,35,2307,89.3,89.5
680776,Jarren Duran,1397,23,8,1.6,0.381,0.524,0.250,0.905,0.673,93.1,31.9,2165,85.5,85.97
656669,Jordan Luplow,380,6,3,1.6,0.500,0.667,0.400,1.167,0.596,93.4,35.7,2197,88.3,88.37
677951,Bobby Witt Jr.,2701,43,9,1.6,0.225,0.500,0.081,0.725,0.696,95.9,34.4,2329,88.5,88.97
474832,Brandon Belt,1801,28,9,1.6,0.333,0.741,0.136,1.074,0.491,93.6,35.8,2140,87.5,87.7
542208,Carlos Pérez,738,12,1,1.6,0.091,0.000,0.083,0.091,0.23,92,37.7,2221,92,92.03
665839,Enmanuel Valdez,610,10,1,1.6,0.100,0.300,0.000,0.400,0.55,94.7,35.4,2231,92,92.26
680757,Steven Kwan,2843,46,6,1.6,0.136,0.091,0.111,0.227,0.248,85.7,35.6,2280,89.8,89.97
668942,Josh Rojas,1350,22,0,1.6,0.000,0.000,0.000,0.000,0.156,87.3,36.9,2292,88.2,88.42
656941,Kyle Schwarber,3068,50,14,1.6,0.286,0.796,0.053,1.082,0.764,98.4,37.5,2255,89.8,89.97
664761,Alec Bohm,2252,35,6,1.6,0.176,0.294,0.094,0.471,0.346,88.2,38.9,2264,87.9,88.01
665828,Oswaldo Cabrera,1221,20,0,1.6,0.000,0.000,0.000,0.000,0.282,92.7,36.1,2263,90.2,90.47
666165,Blake Sabol,1360,22,7,1.6,0.333,0.905,0.063,1.238,0.751,98.7,35.4,2296,91,91.39
620443,Luis Torrens,126,2,0,1.6,0.000,0.000,0.000,0.000,0.037,86.7,48.5,2207,94.2,94.7
456781,Donovan Solano,1806,29,6,1.6,0.207,0.207,0.179,0.414,0.413,91.4,36.6,2143,87.6,87.79
545350,Jake Marisnick,321,5,1,1.6,0.200,0.200,0.200,0.400,0.35,92.2,36.6,2262,91.2,90.8
676701,Alan Trejo,875,14,4,1.6,0.308,0.385,0.231,0.692,0.417,91.9,32.9,2208,86,86.78
500743,Miguel Rojas,1455,24,1,1.6,0.045,0.000,0.042,0.045,0.235,91.1,34.4,2349,88,87.91
542303,Marcell Ozuna,2366,39,11,1.6,0.289,0.684,0.097,0.974,0.813,99.9,37.1,2209,89.2,89.54
650489,Willi Castro,1586,26,8,1.6,0.320,0.520,0.182,0.840,0.529,89.8,34.3,2127,86.8,87.04
678662,Ezequiel Tovar,2290,36,11,1.6,0.314,0.343,0.265,0.657,0.456,91.7,35.9,2308,84.9,85.21
679845,Nick Loftin,250,4,0,1.6,0.000,0.000,0.000,0.000,0.439,89.4,38,2143,92,91.67
656403,Drew Ellis,128,2,1,1.6,0.500,1.500,0.000,2.000,0.716,89.3,30.5,2339,94.4,94.2
605119,Brian Anderson,1441,23,9,1.6,0.429,0.810,0.222,1.238,0.817,92.2,31.4,2268,88.7,88.98
683011,Anthony Volpe,2335,34,5,1.5,0.156,0.344,0.094,0.500,0.428,92.7,35.9,2333,89.2,89.43
686452,Drew Millas,134,2,1,1.5,0.500,0.500,0.500,1.000,0.595,97.7,26.5,2196,91,92.1
676914,Davis Schneider,583,9,1,1.5,0.111,0.111,0.111,0.222,0.29,93.9,37,2105,87.4,87.24
623912,Harold Ramírez,1564,23,9,1.5,0.450,0.550,0.300,1.000,0.761,92.2,32.6,2244,87.1,86.98
664059,Sam Haggerty,413,6,1,1.5,0.167,0.000,0.167,0.167,0.323,80.4,39.7,2031,88.4,88.2
676475,Alec Burleson,1238,19,3,1.5,0.158,0.263,0.111,0.421,0.448,95.7,35.7,2374,89.8,89.78
642136,Matt Thaiss,1241,19,4,1.5,0.235,0.706,0.000,0.941,0.732,96.6,33.5,2247,92.1,92.24
683002,Gunnar Henderson,2405,36,7,1.5,0.200,0.600,0.000,0.800,0.567,94.1,34.8,2271,86.1,86.24
500871,Eduardo Escobar,1236,18,3,1.5,0.176,0.118,0.167,0.294,0.258,88.6,34.7,2105,88.9,89.32
519317,Giancarlo Stanton,1719,26,5,1.5,0.192,0.462,0.045,0.654,0.632,96.6,36.4,2431,90.3,90.34
665926,Andrés Giménez,2346,36,3,1.5,0.086,0.086,0.057,0.171,0.251,89.3,34.6,2309,88.5,88.84
602104,Ramón Urías,1461,22,5,1.5,0.227,0.409,0.150,0.636,0.404,93.6,35.5,2224,88.8,89.23
691783,Jordan Lawlar,134,2,0,1.5,0.000,0.000,0.000,0.000,0.286,83.1,42.5,2637,86.8,86.35
592626,Joc Pederson,1723,25,3,1.5,0.120,0.360,0.000,0.480,0.684,97.4,37.2,2179,89.3,89.78
542932,Jon Berti,1588,24,6,1.5,0.250,0.500,0.100,0.750,0.561,93.4,34.4,2175,87.2,87.42
689172,Brett Wisely,531,8,1,1.5,0.125,0.375,0.000,0.500,0.522,97.7,36.8,2152,85.4,85.96
501659,Abraham Almonte,68,1,0,1.5,0.000,0.000,0.000,0.000,0.008,90.3,50,2779,80.3,81.1
641856,Billy McKinney,611,9,1,1.5,0.125,0.125,0.111,0.250,0.763,95.3,30.9,2294,89.5,90.41
664023,Ian Happ,2862,42,8,1.5,0.195,0.439,0.056,0.634,0.447,94.2,37.4,2195,87.6,88.07
682998,Corbin Carroll,2431,37,11,1.5,0.306,0.611,0.188,0.917,0.572,92.5,34,2285,87.1,87.28
673490,Ha-Seong Kim,2727,42,6,1.5,0.146,0.195,0.100,0.341,0.307,90.5,36.6,2218,88.8,89.1
693049,Oscar Colás,934,14,2,1.5,0.143,0.214,0.077,0.357,0.337,90,37.1,2246,87,87.52
675961,Alika Williams,458,7,0,1.5,0.000,0.000,0.000,0.000,0.215,91.8,38.4,2426,88.9,89.23
669127,Shea Langeliers,1921,29,6,1.5,0.207,0.483,0.080,0.690,0.631,94.9,36.3,2206,89,89.08
622534,Manuel Margot,1225,18,1,1.5,0.063,0.000,0.056,0.063,0.472,93.8,35,2252,89.9,89.89
678009,Parker Meadows,594,9,0,1.5,0.000,0.000,0.000,0.000,0.475,90.5,35.6,2301,89.7,90.09
670623,Isaac Paredes,2366,36,3,1.5,0.083,0.028,0.083,0.111,0.248,90.4,37.7,2242,90.2,90.23
663845,Alfonso Rivas III,539,8,2,1.5,0.250,0.750,0.000,1.000,0.544,91.9,34,2190,88.1,87.61
665750,Leody Taveras,2106,32,6,1.5,0.207,0.414,0.103,0.621,0.477,94.1,36.3,2212,87.9,87.87
592273,Brandon Drury,1963,30,7,1.5,0.241,0.276,0.179,0.517,0.467,89.6,37,2325,88,88.37
685133,Wade Meckler,271,4,1,1.5,0.250,0.000,0.250,0.250,0.399,88.2,36.3,2190,87.5,88.22
649966,Luis Urías,741,11,1,1.5,0.091,0.273,0.000,0.364,0.379,94.9,38.7,2227,85.2,85.15
642708,Amed Rosario,1979,29,5,1.5,0.172,0.276,0.143,0.448,0.427,93.3,33,2301,87.1,87.37
641584,Jake Fraley,1420,22,4,1.5,0.190,0.286,0.100,0.476,0.363,88.4,34.3,2309,87.7,88.18
663697,Jonathan India,2205,34,7,1.5,0.226,0.613,0.036,0.839,0.607,94.9,33.5,2360,87.8,88.24
691026,Masyn Winn,535,8,0,1.5,0.000,0.000,0.000,0.000,0.234,91.7,34.6,2205,86.4,86.55
666185,Dylan Carlson,1047,16,4,1.5,0.267,0.600,0.143,0.867,0.575,95.5,34.8,2131,88.2,88.38
606466,Ketel Marte,2483,38,6,1.5,0.162,0.405,0.030,0.568,0.43,92.2,37,2304,88.5,88.75
677592,Everson Pereira,388,6,0,1.5,0.000,0.000,0.000,0.000,0.385,96.3,34.8,2177,86.8,87.17
607054,Jace Peterson,1740,26,3,1.5,0.115,0.000,0.115,0.115,0.459,91.4,32,2213,89.6,89.6
543309,Kyle Higashioka,1010,15,4,1.5,0.267,0.333,0.214,0.600,0.799,95.5,34.1,2227,90.2,90.42
605170,Victor Caratini,805,12,3,1.5,0.300,0.600,0.100,0.900,0.339,89.9,38.6,2282,91.8,92.48
668227,Randy Arozarena,2679,41,3,1.5,0.073,0.220,0.000,0.293,0.429,94.3,36.8,2286,87.7,87.74
655316,Andruw Monasterio,1345,19,5,1.4,0.263,0.421,0.222,0.684,0.501,94.5,36.3,2284,88.1,88.95
677594,Julio Rodríguez,2511,36,8,1.4,0.222,0.500,0.097,0.722,0.596,95.3,34.4,2310,87.5,87.82
542364,Rafael Ortega,583,8,0,1.4,0.000,0.000,0.000,0.000,0.133,89.4,37.8,2456,91.5,91.29
572204,Trayce Thompson,799,11,4,1.4,0.364,1.091,0.000,1.455,0.913,101.4,35.1,2202,91.3,91.97
592669,Hunter Renfroe,2107,30,6,1.4,0.207,0.241,0.143,0.448,0.328,90.9,40.5,2162,89,89.4
614177,Franmil Reyes,293,4,0,1.4,0.000,0.000,0.000,0.000,0.869,100.1,35.3,2121,92.6,93.2
672386,Alejandro Kirk,1725,24,4,1.4,0.167,0.042,0.167,0.208,0.401,91.4,36.5,2301,88,88.53
665862,Jazz Chisholm Jr.,1545,22,7,1.4,0.333,0.857,0.118,1.190,0.685,97.8,36.1,2325,88.8,89.05
665742,Juan Soto,2897,42,13,1.4,0.310,0.881,0.033,1.190,0.765,98.6,34.4,2307,88.3,88.28
642731,Thairo Estrada,1923,26,3,1.4,0.120,0.120,0.080,0.240,0.231,87.7,38.7,2228,89.4,89.68
657757,Gavin Sheets,1421,20,3,1.4,0.150,0.200,0.105,0.350,0.308,92.8,38.3,2091,88.5,88.87
682622,Noelvi Marte,444,6,0,1.4,0.000,0.000,0.000,0.000,0.713,99.2,33.3,2160,88.3,88.55
545361,Mike Trout,1547,22,10,1.4,0.455,1.364,0.000,1.818,0.984,100.2,35.7,2307,88.5,88.82
666135,Alex Kirilloff,1242,18,3,1.4,0.188,0.250,0.118,0.438,0.439,91.8,35.7,2352,90.6,91.01
668670,Jake Rogers,1432,20,3,1.4,0.150,0.150,0.105,0.300,0.547,94.2,37.7,2266,88.6,88.86
666134,Nolan Jones,1809,26,9,1.4,0.346,0.654,0.227,1.000,0.706,96.8,32.5,2206,87.6,88.3
593428,Xander Bogaerts,2644,37,8,1.4,0.235,0.412,0.121,0.647,0.572,92.7,33.5,2243,90.8,90.9
668472,Nick Pratto,1452,21,4,1.4,0.222,0.222,0.150,0.444,0.499,91.4,33,2145,89.5,89.92
596115,Trevor Story,640,9,3,1.4,0.333,0.444,0.250,0.778,0.371,92.8,36.6,2419,89.8,89.97
669352,Bubba Thompson,220,3,0,1.4,0.000,0.000,0.000,0.000,0.043,88.8,36.7,1554,63.8,63.33
656811,Ryan O'Hearn,1451,20,3,1.4,0.158,0.211,0.105,0.368,0.629,97.2,33.9,2178,90.3,90.27
596129,Daniel Vogelbach,1400,20,8,1.4,0.400,0.550,0.294,0.950,0.556,93.1,34.1,2358,88.5,88.91
643396,Isiah Kiner-Falefa,1454,20,5,1.4,0.250,0.300,0.211,0.550,0.33,90,35,2308,88.5,88.53
624414,Christian Arroyo,734,10,3,1.4,0.300,0.200,0.300,0.500,0.613,88.8,34.4,2363,86.9,87.03
647351,Abraham Toro,69,1,1,1.4,1.000,0.000,1.000,1.000,0.619,70,36,2159,94.6,94.3
666801,Rodolfo Castro,1002,14,5,1.4,0.357,0.929,0.100,1.286,0.828,98.1,33.1,2173,86.2,86.04
681082,Bryson Stott,2665,37,6,1.4,0.171,0.114,0.139,0.286,0.349,89.5,35.1,2224,88.9,89.2
687093,Vaughn Grissom,289,4,1,1.4,0.250,0.250,0.250,0.500,0.672,96.4,30.3,2188,85.1,84.83
650559,Bryan De La Cruz,2467,35,7,1.4,0.206,0.471,0.067,0.676,0.479,93,36.1,2359,89.6,89.72
543877,Christian Vázquez,1324,19,4,1.4,0.222,0.111,0.211,0.333,0.333,88.9,35.4,2304,89.1,88.97
502054,Tommy Pham,1917,26,10,1.4,0.400,0.680,0.273,1.080,0.884,96.9,33,2242,87.8,88.05
488726,Michael Brantley,220,3,0,1.4,0.000,0.000,0.000,0.000,0.036,91.9,42.3,2007,91.3,91.4
663457,Lars Nootbaar,2074,30,4,1.4,0.138,0.241,0.103,0.379,0.486,94.7,33.1,2198,87.8,88.19
672515,Gabriel Moreno,1544,21,2,1.4,0.111,0.222,0.050,0.333,0.477,95.1,34.7,2374,87.3,87.6
457705,Andrew McCutchen,2008,29,5,1.4,0.179,0.393,0.077,0.571,0.426,93.6,38.6,2310,88.6,89.07
596103,Austin Slater,808,11,4,1.4,0.364,0.909,0.125,1.273,0.96,101.6,32.9,2218,86.5,87.04
547989,José Abreu,2400,33,7,1.4,0.212,0.394,0.103,0.606,0.564,93.7,34.2,2229,89,88.97
605131,Austin Barnes,778,11,0,1.4,0.000,0.000,0.000,0.000,0.452,93.6,34,2288,89.1,89.5
664702,Myles Straw,1991,28,3,1.4,0.120,0.080,0.107,0.200,0.229,86.8,36.1,2180,89.6,89.86
571657,Kyle Farmer,1398,20,4,1.4,0.211,0.316,0.158,0.526,0.307,94.5,37.2,2251,87.7,87.78
661388,William Contreras,2419,34,9,1.4,0.265,0.647,0.074,0.912,0.649,97.2,37,2315,86.8,86.79
657656,Ramón Laureano,1653,23,3,1.4,0.136,0.318,0.048,0.455,0.478,94.6,39.8,2169,87.4,87.99
621545,Zach Remillard,576,8,1,1.4,0.125,0.000,0.125,0.125,0.144,85.6,40.9,2163,90.5,90.81
608385,Jesse Winker,831,12,2,1.4,0.167,0.333,0.091,0.500,0.328,91.7,36.9,2260,90.4,90.83
624641,Edmundo Sosa,1126,16,3,1.4,0.200,0.200,0.133,0.400,0.372,88.3,36.4,2256,88.2,88.49
663853,Romy Gonzalez,363,5,1,1.4,0.250,0.750,0.000,1.000,0.868,97.6,33.6,2316,84.7,84.72
666182,Bo Bichette,2225,31,8,1.4,0.258,0.581,0.115,0.839,0.764,96.6,33.4,2358,84.1,84.23
600869,Jeimer Candelario,2333,33,11,1.4,0.344,0.781,0.154,1.125,0.526,92.8,33.8,2150,86.5,86.75
663757,Trent Grisham,2341,32,5,1.4,0.156,0.313,0.069,0.469,0.624,96.1,36.2,2282,89.1,89.23
608701,Rob Refsnyder,1004,14,1,1.4,0.077,0.077,0.071,0.154,0.32,92.8,38.9,2218,86.9,86.9
671732,Lawrence Butler,500,7,3,1.4,0.429,0.429,0.333,0.857,0.81,91.5,33.4,2234,89.5,90.01
595879,Javier Báez,1970,27,2,1.4,0.074,0.000,0.074,0.074,0.338,91.9,36.7,2364,85.7,85.9
608671,Travis Jankowski,1118,15,1,1.3,0.067,0.000,0.067,0.067,0.133,84.4,35.5,2248,90.3,89.81
650490,Yandy Díaz,2357,30,5,1.3,0.172,0.379,0.074,0.552,0.577,95.2,34.2,2157,87.4,87.54
605113,Nick Ahmed,776,10,0,1.3,0.000,0.000,0.000,0.000,0.247,91.3,37.4,2310,88.9,89.35
661531,Brian Serven,77,1,0,1.3,0.000,0.000,0.000,0.000,0.065,81.5,50,2108,94.9,94.4
545341,Randal Grichuk,1721,23,4,1.3,0.174,0.130,0.136,0.304,0.296,89.1,39.3,2317,88.9,89.56
680814,Peyton Burdick,150,2,0,1.3,0.000,0.000,0.000,0.000,0.291,92.9,27.5,2552,92.7,92.05
670242,Matt Wallner,1046,14,6,1.3,0.429,1.286,0.000,1.714,0.961,103.7,36.6,2143,90.1,90.21
606992,Eric Haase,1118,15,2,1.3,0.143,0.214,0.071,0.357,0.441,93.3,36.5,2268,89.6,90.18
696285,Jacob Young,466,6,1,1.3,0.167,0.000,0.167,0.167,0.367,90.4,31.3,2434,88,88.4
578570,Juniel Querecuto,79,1,1,1.3,1.000,1.000,1.000,2.000,0.692,99.8,24,2213,90.3,89.9
680977,Brendan Donovan,1431,18,0,1.3,0.000,0.000,0.000,0.000,0.384,94.7,34.2,2377,87.5,87.83
641786,Kyle Lewis,231,3,0,1.3,0.000,0.000,0.000,0.000,0.375,90,39.7,2362,77.4,76.6
518595,Travis d'Arnaud,1115,15,2,1.3,0.133,0.400,0.000,0.533,0.524,94.7,33.2,2136,89.2,89.89
642851,Austin Wynns,604,8,1,1.3,0.125,0.125,0.125,0.250,0.32,95.3,38.8,2294,93.9,94.58
671739,Michael Harris II,1954,26,7,1.3,0.280,0.520,0.136,0.800,0.671,94.6,33.8,2256,85.8,86.09
672284,Jarred Kelenic,1664,21,6,1.3,0.300,0.750,0.063,1.050,0.615,94.8,36.6,2204,89.4,89.7
641487,J.P. Crawford,2629,33,7,1.3,0.212,0.394,0.103,0.606,0.349,88.6,38.2,2255,90.4,90.57
645302,Victor Robles,454,6,2,1.3,0.333,0.500,0.333,0.833,0.311,92.5,33.8,2389,87.9,88.4
669222,Nick Senzel,1189,15,3,1.3,0.214,0.429,0.077,0.643,0.374,90,37.6,2360,91.2,91.47
595978,Austin Hedges,741,10,1,1.3,0.100,0.100,0.100,0.200,0.235,94.5,39.9,2270,91.7,91.75
672356,Gabriel Arias,1345,18,4,1.3,0.235,0.706,0.000,0.941,0.707,97.7,34,2310,86.7,86.84
543068,C.J. Cron,1068,14,3,1.3,0.214,0.429,0.083,0.643,0.878,96.1,35.9,2362,92.2,92.93
547180,Bryce Harper,2021,26,8,1.3,0.333,0.750,0.100,1.083,0.819,97.5,33,2231,86.9,87.48
518626,Josh Donaldson,718,9,1,1.3,0.125,0.375,0.000,0.500,0.517,96.7,33.7,1988,82.3,81.22
518735,Yasmani Grandal,1641,21,3,1.3,0.150,0.350,0.053,0.500,0.387,92.7,33.5,2311,89.8,90.09
641857,Ryan McMahon,2742,37,15,1.3,0.405,0.973,0.185,1.378,0.824,98.5,33.6,2195,86.9,87.39
676609,José Caballero,1140,15,2,1.3,0.167,0.000,0.133,0.167,0.266,89,39,2291,88.4,88.77
650391,Eloy Jiménez,1717,22,5,1.3,0.238,0.429,0.105,0.667,0.402,93.2,36.2,2127,90.1,90.7
657557,Paul DeJong,1424,19,8,1.3,0.421,0.684,0.267,1.105,0.7,91,35.4,2209,89.4,88.69
640457,Austin Meadows,79,1,0,1.3,0.000,0.000,0.000,0.000,0.043,87,31,2238,91.9,93.1
640449,Clint Frazier,320,4,1,1.3,0.250,0.250,0.250,0.500,0.263,90.6,35,2068,90.2,90.32
664238,Dylan Moore,682,9,0,1.3,0.000,0.000,0.000,0.000,0.456,97.7,40.4,2281,90.3,90.2
575929,Willson Contreras,1950,26,7,1.3,0.269,0.538,0.136,0.808,0.609,95.3,36.6,2299,86.7,86.25
677649,Ezequiel Duran,1657,21,4,1.3,0.190,0.429,0.056,0.619,0.527,94.7,37.9,2306,88.2,88.43
670156,Miles Mastrobuoni,605,7,0,1.2,0.000,0.000,0.000,0.000,0.21,94.1,39.6,2216,90.1,89.94
621563,Joey Wendle,1180,14,1,1.2,0.083,0.000,0.071,0.083,0.357,90.9,34.4,2316,91.1,91.44
681481,Kerry Carpenter,1761,22,2,1.2,0.091,0.273,0.000,0.364,0.486,95.6,37.2,2274,87.5,87.81
596117,Garrett Stubbs,496,6,1,1.2,0.167,0.000,0.167,0.167,0.105,84.8,38.8,2135,91.5,91.93
672478,Jordan Diaz,1083,13,1,1.2,0.077,0.231,0.000,0.308,0.383,95.4,36.2,2206,88.8,88.24
657041,Lane Thomas,2627,31,9,1.2,0.300,0.633,0.120,0.933,0.644,93.8,35.8,2237,89.2,89.35
669394,Jake Burger,2048,25,7,1.2,0.280,0.640,0.100,0.920,0.745,97.9,34.9,2334,87.9,88.1
641820,Trey Mancini,1050,13,5,1.2,0.417,0.417,0.333,0.833,0.436,92.7,34.6,2370,86.2,85.9
660162,Yoán Moncada,1390,16,4,1.2,0.250,0.563,0.143,0.813,0.562,95.5,32.3,2350,86.9,87.02
663630,Ryan McKenna,515,6,0,1.2,0.000,0.000,0.000,0.000,0.196,85.4,41.5,2157,90.9,91.2
609280,Miguel Andujar,327,4,0,1.2,0.000,0.000,0.000,0.000,0.171,91.1,41,2249,94.6,94.88
571448,Nolan Arenado,2285,28,7,1.2,0.269,0.346,0.160,0.615,0.442,90.8,37.5,2360,88.2,88.53
596847,Ji Man Choi,517,6,3,1.2,0.500,1.500,0.000,2.000,0.948,98.7,33.3,2299,92.4,92.72
680779,Henry Davis,1031,12,1,1.2,0.091,0.091,0.083,0.182,0.235,91.6,37.5,2416,88.9,89.02
572287,Mike Zunino,606,7,2,1.2,0.286,0.286,0.286,0.571,0.331,89.2,40.3,2397,90.5,90.93
621466,DJ Stewart,748,9,3,1.2,0.333,0.778,0.143,1.111,0.759,98.5,35.7,2142,88.2,88.01
641511,Jason Delay,682,8,3,1.2,0.429,0.429,0.375,0.857,0.332,91,35,2345,91.2,91.21
595281,Kevin Kiermaier,1508,18,4,1.2,0.235,0.412,0.125,0.647,0.296,87.8,34.9,2323,88.3,88.31
607043,Brandon Nimmo,2847,34,8,1.2,0.242,0.545,0.071,0.788,0.477,92.6,36.9,2211,89.4,89.49
622666,Johan Camargo,81,1,0,1.2,0.000,0.000,0.000,0.000,0.741,74.9,25,2853,77.1,77.1
675656,Kevin Smith,519,6,1,1.2,0.167,0.500,0.000,0.667,0.567,97.5,34.5,2332,86.6,87.12
682073,David Hensley,404,5,1,1.2,0.200,0.200,0.200,0.400,0.247,87.8,39,2359,80.6,80.88
691016,Tyler Soderstrom,519,6,0,1.2,0.000,0.000,0.000,0.000,0.375,95.4,34.3,1962,88.3,88.6
672580,Maikel Garcia,1989,24,3,1.2,0.143,0.286,0.087,0.429,0.461,96.1,33.5,2303,85.5,86.02
663886,Tyler Stephenson,2051,24,5,1.2,0.217,0.435,0.136,0.652,0.531,96.2,35.9,2266,88.2,88.36
665833,Oneil Cruz,162,2,0,1.2,0.000,0.000,0.000,0.000,0.029,84.6,36,1946,79.4,79.25
678554,Curtis Mead,341,4,1,1.2,0.250,0.000,0.250,0.250,0.222,83.4,36.5,2406,92,92.7
666310,Bo Naylor,1011,11,3,1.1,0.273,0.545,0.111,0.818,0.376,91.7,38.5,2304,88.7,89.02
541645,Avisaíl García,436,5,1,1.1,0.200,0.600,0.000,0.800,0.713,97.9,30,2514,89.4,89.56
669016,Brandon Marsh,1984,22,8,1.1,0.381,1.048,0.125,1.429,0.686,97.4,35.5,2233,86.4,86.59
666176,Jo Adell,261,3,1,1.1,0.333,1.000,0.000,1.333,1.096,102.7,32,2182,90.6,91.13
641658,Garrett Hampson,975,11,3,1.1,0.300,0.300,0.200,0.600,0.366,88.8,33.9,2271,88.3,88.74
663609,Luken Baker,448,5,0,1.1,0.000,0.000,0.000,0.000,0.19,93.3,45.4,2047,84.6,85.74
678894,Liover Peguero,811,9,0,1.1,0.000,0.000,0.000,0.000,0.091,86.1,41.2,2138,90.6,91.03
572228,Luke Voit,284,3,1,1.1,0.333,0.333,0.333,0.667,0.462,89.5,45.7,2520,89.1,89.13
686217,Sal Frelick,878,10,2,1.1,0.200,0.200,0.200,0.400,0.336,83.1,36.8,2342,86.9,86.95
606115,Orlando Arcia,2132,24,6,1.1,0.250,0.625,0.053,0.875,0.604,90.7,32.8,2345,89.4,89.78
656537,Derek Hill,190,2,0,1.1,0.000,0.000,0.000,0.000,0.152,83.7,36,2450,86.5,86.7
623205,Andrew Velazquez,353,4,0,1.1,0.000,0.000,0.000,0.000,0.117,90.8,35.5,2207,88.5,88.63
669369,Bryce Johnson,176,2,1,1.1,0.500,0.500,0.500,1.000,0.338,89.7,26.5,1161,65.8,64.9
668939,Adley Rutschman,2904,33,3,1.1,0.094,0.188,0.032,0.281,0.328,92.1,38.4,2255,88.5,88.55
645801,Mike Ford,1032,11,1,1.1,0.091,0.000,0.091,0.091,0.328,89.4,40.9,2143,88.7,89.22
516416,Jean Segura,1246,14,2,1.1,0.143,0.214,0.077,0.357,0.551,91.9,36.1,2185,87.8,87.56
595751,Jorge Alfaro,175,2,1,1.1,0.500,1.500,0.000,2.000,0.787,98.5,35,2286,82.5,82.95
408234,Miguel Cabrera,1381,15,2,1.1,0.143,0.000,0.133,0.143,0.226,87.7,38.6,2298,86.9,87.14
621043,Carlos Correa,2257,25,3,1.1,0.125,0.167,0.083,0.292,0.555,94.2,37.1,2242,89.3,89.73
624512,Reese McGuire,765,8,2,1,0.286,0.143,0.250,0.429,0.482,91.4,31.6,2264,87,87.09
596059,Rougned Odor,585,6,0,1,0.000,0.000,0.000,0.000,0.284,94.3,38,2219,88.8,89.18
686668,Brenton Doyle,1591,16,3,1,0.188,0.438,0.071,0.625,0.565,92.6,38.8,2438,87.6,87.88
669392,Samad Taylor,310,3,2,1,0.667,0.667,0.667,1.333,0.955,99.3,28,1867,89.2,89.57
613564,Jason Vosler,291,3,1,1,0.333,0.000,0.333,0.333,0.296,81.1,41.7,2348,92.1,92.83
666023,Freddy Fermin,921,9,1,1,0.125,0.000,0.111,0.125,0.303,90.8,35.2,2452,87.5,88.41
656024,Carlos Pérez,197,2,0,1,0.000,0.000,0.000,0.000,0.285,95.6,37.5,2419,92.3,92.95
600303,Tommy La Stella,104,1,0,1,0.000,0.000,0.000,0.000,0,92.3,49,2312,91.8,92.5
681987,Nate Eaton,208,2,0,1,0.000,0.000,0.000,0.000,0.048,89.6,38,2243,85.3,85.8
642137,Cody Thomas,198,2,0,1,0.000,0.000,0.000,0.000,0.014,87.9,47.5,2330,87.5,87.9
664314,Estevan Florial,294,3,2,1,0.667,0.000,0.667,0.667,0.651,71.7,30.7,1944,88.2,88.7
663993,Nathaniel Lowe,3044,29,7,1,0.241,0.552,0.083,0.793,0.574,93.8,33.3,2328,86.9,87.1
660644,Vidal Bruján,299,3,0,1,0.000,0.000,0.000,0.000,0.225,92.9,37.7,2133,92.4,91.77
669707,Jared Triolo,839,8,2,1,0.250,0.750,0.000,1.000,0.518,95.5,33.4,2440,86.6,87.47
681546,James Outman,2352,23,5,1,0.238,0.333,0.143,0.571,0.293,88.9,39.6,2330,87.6,87.9
643565,Mike Tauchman,1711,17,5,1,0.313,0.438,0.200,0.750,0.508,92.5,33.4,2264,83.5,83.65
665161,Jeremy Peña,2299,23,3,1,0.130,0.174,0.091,0.304,0.39,89.3,34.2,2258,89.7,89.64
605204,J.D. Davis,2092,20,6,1,0.316,0.842,0.067,1.158,0.677,96.2,36.3,2293,85.7,85.76
665506,Cristian Pache,382,4,2,1,0.500,1.500,0.000,2.000,0.85,97.7,32.3,2288,89.1,89.22
624431,Jose Trevino,614,6,0,1,0.000,0.000,0.000,0.000,0.378,88.3,35.8,2008,86.5,86.8
683146,Brett Baty,1510,15,4,1,0.286,0.857,0.000,1.143,0.777,98.6,34.7,2237,87.2,87.27
642215,Weston Wilson,96,1,0,1,0.000,0.000,0.000,0.000,0.31,96.3,34,1019,46.6,45.8
676116,Ryan Noda,2091,20,5,1,0.278,0.444,0.167,0.722,0.512,95.6,37,2332,89.4,89.36
621433,Brett Phillips,298,3,2,1,0.667,1.000,0.500,1.667,0.885,88.9,31.3,2257,94.8,95.23
642180,Tyler Wade,205,2,0,1,0.000,0.000,0.000,0.000,0.355,97.4,36,2771,90.3,90.1
671289,Tyler Freeman,636,6,1,0.9,0.167,0.500,0.000,0.667,0.384,92.6,33.5,2138,89.5,89.88
660821,Jesús Sánchez,1657,15,6,0.9,0.400,1.200,0.000,1.600,1.011,99.8,34.5,2228,86.4,86.8
682985,Riley Greene,1746,16,3,0.9,0.200,0.333,0.133,0.533,0.68,97.5,33.6,2135,88,88.06
656180,Riley Adams,567,5,1,0.9,0.200,0.000,0.200,0.200,0.126,84.7,38.2,2038,85.3,85.5
608336,Joey Gallo,1428,13,4,0.9,0.308,0.923,0.000,1.231,0.845,100.1,37.7,2223,91.8,91.97
663837,Matt Vierling,2133,20,4,0.9,0.200,0.350,0.111,0.550,0.58,93.3,32.7,2324,86.2,86.55
666915,Bobby Dalbec,229,2,1,0.9,0.500,1.500,0.000,2.000,1.484,105.3,34,2636,89.2,89.4
518934,DJ LeMahieu,2254,21,5,0.9,0.250,0.300,0.200,0.550,0.727,93.1,30.5,2391,89.3,89.34
679631,Terrin Vavra,212,2,0,0.9,0.000,0.000,0.000,0.000,0.432,96.1,40,2260,94.5,94.05
679032,Johan Rojas,561,5,1,0.9,0.200,0.000,0.200,0.200,0.29,89.5,35.6,2425,95.1,95.4
622110,Matt Duffy,751,7,3,0.9,0.429,0.143,0.429,0.571,0.403,87.1,35.7,2353,89.9,89.99
666198,Carter Kieboom,347,3,0,0.9,0.000,0.000,0.000,0.000,0.027,95.4,45,2302,89.2,90.1
664057,Andrew Stevenson,116,1,0,0.9,0.000,0.000,0.000,0.000,0.477,96.6,31,2606,91.2,93
640492,José Azocar,350,3,0,0.9,0.000,0.000,0.000,0.000,0.257,91.1,33.7,1988,82.3,82.2
660634,Yonny Hernández,111,1,0,0.9,0.000,0.000,0.000,0.000,0.098,91.3,29,2385,89,90.4
606132,Raimel Tapia,662,6,2,0.9,0.400,0.400,0.333,0.800,0.808,93.8,29.5,1746,88.8,89.05
571976,Wil Myers,552,5,1,0.9,0.250,0.250,0.200,0.500,0.437,96.7,35.2,2319,88.9,88.38
660707,Elehuris Montero,1165,11,3,0.9,0.273,0.818,0.000,1.091,0.583,90.8,35.7,2221,85.4,85.89
676632,Bligh Madris,117,1,0,0.9,0.000,0.000,0.000,0.000,0.573,104.5,42,2193,88.3,89.9
608841,Joey Meneses,2543,24,4,0.9,0.174,0.304,0.091,0.478,0.389,91.3,37,2269,89.9,89.94
677950,Alek Thomas,1489,14,1,0.9,0.077,0.231,0.000,0.308,0.541,89.7,37.6,2375,83.7,83.74
600301,Taylor Motter,324,3,1,0.9,0.333,0.333,0.333,0.667,0.64,98.1,25.7,2190,89.5,89.03
663550,Trey Cabbage,215,2,1,0.9,0.500,1.500,0.000,2.000,1.283,105.7,29,2867,88.6,88.95
664983,Jake McCarthy,1125,10,0,0.9,0.000,0.000,0.000,0.000,0.388,93,32.5,2241,90.2,90.22
676946,Matthew Batten,547,5,0,0.9,0.000,0.000,0.000,0.000,0.081,81.4,36.6,2167,88.7,89
669450,Cooper Hummel,116,1,0,0.9,0.000,0.000,0.000,0.000,0.551,97.5,30,2425,95.2,95.3
682829,Elly De La Cruz,1755,16,4,0.9,0.250,0.750,0.000,1.000,0.637,96.4,37.1,2134,86.8,87.11
666211,Taylor Trammell,239,2,0,0.8,0.000,0.000,0.000,0.000,0.705,99.5,35,2482,88.7,88.4
663368,Blake Perkins,725,6,1,0.8,0.167,0.000,0.167,0.167,0.398,91.4,34.3,1913,88.3,89.05
543592,Austin Nola,633,5,1,0.8,0.200,0.600,0.000,0.800,0.368,92.3,35,2346,91.5,91.6
667472,Dane Myers,262,2,0,0.8,0.000,0.000,0.000,0.000,0.186,96.4,38.5,2673,86.1,86.35
666397,Edouard Julien,1727,14,5,0.8,0.357,0.643,0.182,1.000,0.758,93.7,36.4,2220,92.8,93.24
641313,Tim Anderson,1942,15,3,0.8,0.200,0.133,0.200,0.333,0.261,91.4,37.1,2268,84.5,85.13
571466,Tucker Barnhart,503,4,3,0.8,0.750,0.750,0.667,1.500,0.554,89.9,36,2314,89.6,89.85
543305,Aaron Hicks,1354,11,2,0.8,0.182,0.273,0.100,0.455,0.433,91,34.5,2130,90.8,91.05
671083,Buddy Kennedy,120,1,0,0.8,0.000,0.000,0.000,0.000,0.004,93.3,50,2440,87.9,89.2
668843,Conner Capel,353,3,0,0.8,0.000,0.000,0.000,0.000,0.187,92.8,35.7,2158,95.6,95.9
691176,Jasson Domínguez,120,1,0,0.8,0.000,0.000,0.000,0.000,1.309,102.2,26,2394,82.7,82
666906,Jake Alu,678,5,1,0.7,0.200,0.600,0.000,0.800,0.542,96.9,33.8,2276,90,90.48
677595,Ronny Mauricio,401,3,0,0.7,0.000,0.000,0.000,0.000,0.081,90.3,32.7,1891,90.6,91.03
641505,Jonathan Davis,419,3,1,0.7,0.500,0.000,0.333,0.500,0.32,73,37.3,2423,86.4,86.33
681146,Jonah Bride,460,3,0,0.7,0.000,0.000,0.000,0.000,0.724,98.4,29,2418,96.3,96.77
543333,Eric Hosmer,407,3,1,0.7,0.333,1.000,0.000,1.333,0.73,86.5,35,1692,88.2,88.37
691406,Junior Caminero,134,1,0,0.7,0.000,0.000,0.000,0.000,0.014,97.1,47,1992,93.5,92.9
592885,Christian Yelich,2559,19,5,0.7,0.263,0.789,0.000,1.053,0.814,99.5,32.9,2275,87.3,87.28
607461,Matt Beaty,271,2,0,0.7,0.000,0.000,0.000,0.000,0.058,90.7,36.5,2358,94.6,94.7
670032,Nicky Lopez,1022,7,0,0.7,0.000,0.000,0.000,0.000,0.182,90.8,32,1993,85.4,86.03
593643,Hanser Alberto,273,2,1,0.7,0.500,0.000,0.500,0.500,0.241,86.6,38.5,2155,84.6,85.05
666018,Jonathan Aranda,449,3,1,0.7,0.500,1.000,0.333,1.500,0.235,95.1,37.7,2434,87.2,87.3
686676,Korey Lee,279,2,1,0.7,0.500,0.500,0.500,1.000,0.633,86.9,34.5,2404,87.8,87.8
665120,Jared Walsh,459,3,1,0.7,0.333,1.000,0.000,1.333,0.449,98.4,43.3,2172,90.5,91
660766,Juan Yepez,271,2,0,0.7,0.000,0.000,0.000,0.000,0.083,81.4,39,2399,91.2,90.8
443558,Nelson Cruz,566,4,0,0.7,0.000,0.000,0.000,0.000,0.096,85.6,41,2326,90.2,90.73
669087,Sam Huff,159,1,1,0.6,1.000,3.000,,4.000,1.858,106.6,25,2332,93.8,94.8
694384,Nolan Schanuel,530,3,1,0.6,0.333,0.000,0.333,0.333,0.277,81.5,29.7,2536,85.2,85.3
686759,TJ Hopkins,174,1,0,0.6,0.000,0.000,0.000,0.000,0.413,99.7,37,2229,89.6,89.1
678545,Osleivis Basabe,344,2,0,0.6,0.000,0.000,0.000,0.000,0.936,98.9,29,2171,90.2,91.55
687462,Spencer Horwitz,169,1,0,0.6,0.000,0.000,0.000,0.000,0.171,91.6,32,2172,93.2,93.7
645444,Jose Herrera,510,3,1,0.6,0.333,0.000,0.333,0.333,0.29,84.2,31.7,1471,89.8,89.63
666703,Eguy Rosario,157,1,0,0.6,0.000,0.000,0.000,0.000,0.154,91.7,31,2331,84.6,83.7
678882,Ceddanne Rafaela,354,2,0,0.6,0.000,0.000,0.000,0.000,0.092,86.6,34.5,2406,85.1,85.25
656248,Sean Bouchard,162,1,0,0.6,0.000,0.000,0.000,0.000,0.392,95.9,28,2444,96,97
677587,Brayan Rocchio,342,2,0,0.6,0.000,0.000,0.000,0.000,0.036,80.9,35.5,2305,92.8,92.65
506702,Sandy León,206,1,0,0.5,0.000,0.000,0.000,0.000,0.899,100.5,24,2351,96.4,96.9
678225,Ji Hwan Bae,1506,8,1,0.5,0.125,0.000,0.125,0.125,0.232,87.4,37.6,2300,84.8,85.29
682617,Marco Luciano,184,1,0,0.5,0.000,0.000,0.000,0.000,0.743,98.7,24,1752,84.6,85.7
681297,Colton Cowser,364,2,0,0.5,0.000,0.000,0.000,0.000,0.293,89,42,2091,82.1,83.3
570731,Jonathan Schoop,599,3,0,0.5,0.000,0.000,0.000,0.000,0.594,91.9,38.3,2265,87.7,87.83
669742,Darick Hall,205,1,0,0.5,0.000,0.000,0.000,0.000,0.019,94.8,57,2507,98.8,99.9
664901,Danny Mendick,276,1,0,0.4,0.000,0.000,0.000,0.000,0.815,98.5,27,1994,92.9,92.6
571875,Jake Lamb,237,1,0,0.4,0.000,0.000,0.000,0.000,0.01,96.7,53,2271,91.9,91.6
694497,Evan Carter,336,1,1,0.3,1.000,0.000,1.000,1.000,0.803,67.1,34,2110,91.9,91.3
664029,Mark Mathias,299,1,0,0.3,0.000,0.000,0.000,0.000,0.082,91.9,34,2031,91.2,90.3