Name,player_id,team,year,xwOBA,xISO,xwOBACON,Solid_Contact%,Meatball_Swing%,F_Strike%,runner_runs,Age,Season,Cluster,PA,wRC+,OFF,xBA,P/PA,SwStr%,50th_max_velo,Brls/BBE%,HardHit%,HR/FB%,Spd,BsR,GB%,FB%,IFH%,Pull%,Oppo%,Swing%,O-Swing%,O-Contact%,Z-Swing%,Z-Contact%,LA,HR,SB,K%,BB%,LD%
Ty France,664034,SEA,2023,0.342,0.151,0.367,5.1,80.9,60.6,-3.16565148,28,2023,7,665,104,-1.5,0.27,3.65,10.7,99.3,6.8,38.4,7.3,2.5,-4.3,41.8,34.8,2.0,42.9,20.4,53.2,37.9,63.8,74.7,91.5,13.7,12,1,17.6,6.5,26.5
Cal Raleigh,663728,SEA,2023,0.33,0.233,0.422,7.0,78.8,57.6,-1.315532282,26,2023,3,569,111,5.6,0.233,4.11,14.0,101.0,12.6,40.7,17.3,2.1,-2.2,31.5,48.6,8.9,51.1,19.9,49.7,34.5,59.6,72.5,80.6,20.3,30,0,27.8,9.5,22.2
Nathaniel Lowe,663993,TEX,2023,0.339,0.143,0.386,6.3,78.6,56.5,-3.517073115,27,2023,10,724,114,7.7,0.263,4.2,7.9,101.1,6.5,41.4,12.3,3.0,-4.9,47.7,29.9,5.9,29.1,30.8,43.8,26.0,67.5,68.6,89.6,7.2,17,1,22.8,12.8,26.7
Marcell Ozuna,542303,ATL,2023,0.393,0.298,0.481,6.5,84.8,59.9,-1.035346058,32,2023,3,592,139,26.6,0.283,4,12.2,103.3,16.6,49.0,24.7,1.7,-2.1,39.7,40.7,3.8,43.2,28.1,48.5,32.5,59.5,71.9,85.1,15.6,40,0,22.6,9.6,21.9
Rafael Devers,646240,BOS,2023,0.38,0.257,0.441,8.5,82.5,59.6,-2.591232351,26,2023,4,656,124,15.5,0.282,3.93,12.6,104.5,12.7,54.7,18.4,3.0,-3.2,42.8,39.3,6.2,41.1,24.1,52.5,36.1,70.8,79.1,79.8,12.4,33,5,19.2,9.5,20.6
Josh Bell,605137,MLB,2023,0.345,0.194,0.403,5.3,81.5,57.9,-3.064617363,30,2023,7,617,105,-1.1,0.263,3.94,10.9,101.6,10.1,42.6,15.5,0.7,-4.6,48.3,34.1,6.5,45.7,22.4,47.6,31.1,62.6,73.5,86.7,9.3,22,0,21.7,10.2,21.4
Randy Arozarena,668227,TB,2023,0.351,0.192,0.403,7.8,72.9,60.6,1.788496847,28,2023,3,654,126,20.7,0.243,4.1,11.9,102.1,12.3,48.0,14.8,5.6,0.5,43.0,38.9,13.5,41.0,22.8,43.0,30.0,63.7,63.5,78.9,11.3,23,22,23.9,12.2,23.3
Mark Canha,592192,MLB,2023,0.323,0.133,0.326,6.6,69.4,64.6,0.3153490103,34,2023,1,507,111,7.9,0.248,4.11,7.1,99.0,4.7,36.7,7.6,4.4,1.0,44.5,39.8,5.0,43.9,21.3,41.5,26.7,71.5,61.1,89.5,13.1,11,11,15.6,9.7,21.8
Matt Vierling,663837,DET,2023,0.322,0.13,0.371,5.1,72.0,64.3,2.157200323,26,2023,10,530,99,-1.0,0.266,4.02,7.2,100.6,4.6,42.0,8.8,4.7,-0.2,48.5,30.8,5.6,33.9,32.8,44.2,30.6,73.4,61.3,90.1,9.1,10,6,21.1,8.3,23.8
Alex Bregman,608324,HOU,2023,0.351,0.163,0.344,10.1,73.3,60.7,-2.761783405,29,2023,1,724,125,17.8,0.266,3.85,4.9,98.1,5.4,38.2,10.1,3.7,-4.2,35.4,46.0,3.7,42.6,22.2,38.7,22.3,74.7,63.3,94.1,17.6,25,3,12.0,12.7,25.0
Juan Soto,665742,SD,2023,0.408,0.254,0.446,7.6,73.8,55.5,0.4284692345,24,2023,1,708,155,47.4,0.284,4.09,6.3,104.5,13.0,55.3,24.5,3.5,-0.9,51.0,32.4,5.8,38.9,20.7,35.7,20.0,67.6,60.2,89.9,6.7,35,12,18.2,18.6,18.9
Keibert Ruiz,660688,WSH,2023,0.322,0.15,0.333,4.9,74.0,60.1,-4.34588117,24,2023,10,562,93,-10.5,0.274,3.36,6.6,97.3,5.8,31.7,9.8,1.6,-5.5,38.5,39.2,3.9,45.8,20.3,51.1,39.5,78.4,67.0,94.0,15.2,18,1,10.3,5.5,26.1
Jeimer Candelario,600869,MLB,2023,0.318,0.171,0.359,7.3,76.6,57.9,-0.3441983429,29,2023,6,576,117,12.0,0.236,4.05,10.2,99.2,7.8,36.3,14.2,5.3,-0.1,40.1,40.6,5.9,45.6,22.5,47.3,32.0,65.4,69.9,87.2,14.1,22,8,22.0,9.2,25.1
George Springer,543807,TOR,2023,0.332,0.158,0.369,6.5,87.3,61.6,-0.9329762792,33,2023,7,683,104,2.9,0.264,3.7,9.8,100.3,7.7,39.4,12.1,4.6,-0.4,44.2,35.4,6.9,39.5,24.4,49.2,27.5,63.4,76.1,87.4,12.0,21,20,18.3,8.8,22.4
Fernando Tatis Jr.,665487,SD,2023,0.364,0.227,0.439,7.8,93.0,63.1,0.04047792749,24,2023,4,635,113,13.1,0.281,3.68,15.3,102.9,11.0,48.9,17.0,5.9,3.0,47.1,33.6,6.3,43.6,17.4,54.1,35.7,58.3,81.7,80.3,11.0,25,29,22.2,8.3,21.2
Eugenio Suárez,553993,SEA,2023,0.324,0.196,0.418,6.8,77.4,60.1,-1.096060086,31,2023,9,694,102,-0.4,0.223,4.18,13.2,100.7,12.7,43.0,12.9,1.9,-2.5,33.9,43.3,6.7,46.8,20.0,44.5,26.4,50.8,68.5,80.4,18.9,22,2,30.8,10.1,25.1
Justin Turner,457759,BOS,2023,0.336,0.184,0.367,9.3,74.3,60.7,-4.348310312,38,2023,1,626,114,5.6,0.26,4.27,7.0,98.6,5.7,39.0,12.2,3.1,-5.2,35.7,41.4,7.4,41.0,26.4,45.0,29.6,73.2,65.1,91.0,16.5,23,4,17.6,8.1,25.1
Cody Bellinger,641355,CHC,2023,0.327,0.165,0.357,5.4,80.1,62.3,2.043560128,27,2023,6,556,134,26.1,0.268,3.88,9.4,97.7,6.1,31.4,14.1,5.5,2.4,35.8,43.4,8.6,43.6,19.1,49.9,35.3,72.0,68.7,87.4,17.2,26,20,15.6,7.2,26.4
Jake Cronenworth,630105,SD,2023,0.305,0.131,0.327,8.4,67.5,60.7,2.504734253,29,2023,10,522,92,-2.7,0.238,3.95,6.4,97.7,4.4,33.2,6.8,5.8,2.4,37.2,40.6,8.2,36.2,26.7,47.3,31.0,74.9,67.3,93.1,15.0,10,6,18.6,8.8,26.2
Paul Goldschmidt,502671,STL,2023,0.367,0.22,0.44,8.5,72.4,61.3,0.2481614828,35,2023,6,687,122,19.1,0.271,4.14,10.8,102.4,11.9,50.7,15.4,3.6,0.1,41.1,37.2,7.3,33.1,31.7,43.9,29.1,68.2,63.8,79.8,12.8,25,11,23.4,12.7,25.7
Dansby Swanson,621020,CHC,2023,0.345,0.203,0.413,7.3,79.8,61.8,2.183582664,29,2023,7,638,104,5.3,0.255,4.01,12.7,99.8,10.9,39.5,15.2,4.8,2.3,44.6,35.1,9.8,46.0,18.4,47.4,28.4,61.3,73.3,79.3,13.0,22,9,24.1,10.3,24.2
Jeremy Peña,665161,HOU,2023,0.31,0.111,0.355,5.3,79.2,64.1,3.104260782,25,2023,2,634,96,-2.0,0.259,3.63,13.9,99.1,4.0,35.1,8.5,4.9,0.7,54.3,26.6,8.7,44.9,21.1,52.9,38.1,53.1,75.4,89.7,5.5,10,13,20.3,6.8,22.9
Gunnar Henderson,683002,BAL,2023,0.346,0.212,0.431,7.9,79.8,62.6,6.091647284,22,2023,7,622,123,23.0,0.261,3.87,11.4,102.7,11.4,51.7,19.3,6.9,5.8,45.0,35.9,4.4,39.9,25.0,46.8,29.0,62.4,69.5,82.7,11.4,28,10,25.6,9.0,23.3
Kyle Tucker,663656,HOU,2023,0.386,0.239,0.412,8.1,85.8,62.5,1.428729642,26,2023,6,674,140,36.1,0.292,3.81,7.5,100.8,10.4,44.5,13.9,6.4,4.0,38.4,42.5,4.8,44.9,22.2,46.5,25.9,69.6,73.1,90.4,14.8,29,30,13.6,11.9,24.2
Freddie Freeman,518692,LAD,2023,0.408,0.243,0.461,8.8,91.5,62.0,1.802534278,33,2023,7,730,163,61.3,0.323,3.77,9.4,100.6,11.1,41.8,15.0,6.0,4.5,35.3,37.0,3.3,36.5,27.8,51.0,30.1,68.8,79.2,88.0,15.2,29,23,16.6,9.9,30.9
Ke'Bryan Hayes,663647,PIT,2023,0.321,0.166,0.38,9.9,73.3,61.5,1.198494983,26,2023,10,525,101,0.6,0.273,3.67,8.6,101.7,7.4,48.4,9.8,5.7,-0.1,41.8,39.0,7.3,31.0,31.6,45.5,33.3,65.6,62.7,92.5,13.2,15,10,19.8,5.3,24.9
Lane Thomas,657041,WSH,2023,0.319,0.182,0.403,6.5,74.6,60.4,0.9169252779,27,2023,6,682,109,9.0,0.255,3.85,9.0,100.2,9.6,40.5,16.4,6.0,1.7,44.0,37.3,9.4,51.2,19.2,43.6,30.6,64.4,62.1,89.8,10.8,28,20,25.8,5.3,25.9
Luis Arraez,650333,MIA,2023,0.354,0.129,0.358,3.7,77.2,60.6,0.3127572872,26,2023,5,617,132,23.1,0.329,3.5,3.1,95.7,3.5,25.2,6.5,2.9,-1.4,42.9,28.7,2.2,29.6,31.3,50.8,35.7,91.5,68.8,95.3,11.5,10,3,5.5,5.7,31.3
Jurickson Profar,595777,MLB,2023,0.306,0.102,0.32,5.1,82.6,63.0,-1.655760333,30,2023,10,521,76,-17.8,0.247,4.04,8.5,97.2,4.0,31.7,6.5,2.9,-2.5,40.1,37.2,2.0,44.7,21.7,47.1,27.7,66.4,72.4,89.7,14.8,9,1,17.3,9.6,26.7
Teoscar Hernández,606192,SEA,2023,0.336,0.218,0.466,6.4,80.0,65.3,-3.82531585,30,2023,4,678,105,-0.6,0.258,3.94,17.8,103.0,13.8,49.4,16.6,3.7,-4.4,43.2,37.3,8.8,38.2,25.4,53.7,38.5,49.8,74.9,79.1,12.3,26,7,31.1,5.6,24.9
Myles Straw,664702,CLE,2023,0.272,0.061,0.293,2.4,75.1,62.9,2.808517005,28,2023,5,518,69,-15.8,0.239,3.84,5.1,95.1,0.5,23.1,0.9,5.9,3.3,47.3,30.6,8.7,24.7,35.3,43.8,27.1,82.2,62.0,91.4,9.4,1,20,18.7,8.1,25.5
Daulton Varsho,662139,TOR,2023,0.302,0.161,0.357,7.3,80.7,61.3,3.022532086,26,2023,6,581,85,-7.9,0.232,3.98,10.5,99.9,7.3,36.0,11.2,5.4,2.3,32.5,47.2,5.7,50.8,23.0,49.4,32.4,64.1,71.1,87.1,20.5,20,16,23.2,7.7,21.5
Whit Merrifield,593160,TOR,2023,0.276,0.093,0.304,5.3,74.1,65.9,1.429771553,34,2023,10,592,93,-3.5,0.242,3.72,9.1,94.9,2.4,24.1,6.5,4.5,1.3,40.4,37.5,9.3,34.3,27.9,50.9,36.4,74.1,70.2,87.7,14.4,11,26,17.1,6.1,26.1
Enrique Hernández,571771,MLB,2023,0.272,0.113,0.302,5.1,79.9,61.6,-0.4930652114,31,2023,10,508,72,-17.9,0.224,3.87,10.2,97.8,4.6,33.4,6.7,3.3,-1.0,37.4,43.6,3.6,36.6,25.9,46.7,30.7,63.2,68.6,87.2,17.0,11,4,19.1,6.7,24.3
Trent Grisham,663757,SD,2023,0.322,0.178,0.385,7.5,79.1,55.1,0.7202751076,26,2023,1,555,91,-4.9,0.218,4.22,10.2,100.7,11.8,39.9,9.9,5.0,1.5,35.3,42.8,4.6,42.8,21.9,41.0,24.3,61.0,61.7,82.0,18.3,13,15,27.7,13.5,23.8
Tim Anderson,641313,CWS,2023,0.279,0.082,0.338,5.9,76.7,65.6,0.8595107793,30,2023,2,524,60,-23.5,0.252,3.71,12.3,99.2,3.0,39.1,1.6,5.2,1.6,61.1,16.9,5.7,33.5,27.9,53.5,38.6,64.1,72.6,85.6,2.0,1,13,23.3,5.0,26.8
Brent Rooker,667670,OAK,2023,0.343,0.241,0.472,7.1,73.1,59.7,-0.6193258002,28,2023,3,526,127,16.3,0.237,4.09,16.2,102.7,15.6,49.5,21.6,3.3,-0.7,33.6,47.1,6.1,34.2,24.8,46.1,32.0,44.9,66.4,78.6,17.6,30,4,32.7,9.3,24.7
J.D. Davis,605204,SF,2023,0.323,0.167,0.405,6.3,90.1,65.2,-1.525698942,30,2023,4,546,104,0.5,0.244,3.83,16.5,101.4,9.5,44.4,19.6,2.5,-2.4,52.7,27.5,4.0,41.3,25.5,53.0,30.3,49.0,82.8,78.2,7.8,18,1,27.8,9.5,23.1
Zach McKinstry,656716,DET,2023,0.312,0.148,0.359,5.9,75.5,57.5,1.364867457,28,2023,10,518,81,-10.7,0.247,4.08,8.5,97.7,7.6,33.2,5.9,6.0,1.1,35.1,43.1,6.5,35.4,27.0,47.0,30.6,66.9,69.1,90.9,17.8,9,16,21.8,8.5,26.1
Ian Happ,664023,CHC,2023,0.35,0.173,0.392,5.5,80.6,59.5,1.047568392,28,2023,6,691,118,16.2,0.254,4.14,10.2,99.7,9.0,39.0,13.1,5.0,1.1,41.7,37.0,6.7,37.6,25.6,44.4,26.8,63.3,68.7,84.5,13.0,21,14,22.1,14.3,25.6
Marcus Semien,543760,TEX,2023,0.333,0.165,0.349,6.9,85.6,60.9,1.19801476,32,2023,6,753,124,23.1,0.262,3.72,7.8,98.1,6.5,36.8,11.0,5.5,1.3,33.8,46.5,9.9,49.4,20.2,47.1,25.3,66.2,77.0,91.2,19.1,29,14,14.6,9.6,23.5
Julio Rodríguez,677594,SEA,2023,0.345,0.201,0.431,7.3,78.9,63.4,3.27482753,22,2023,4,714,126,27.6,0.274,3.52,14.4,104.1,11.9,52.0,19.6,6.0,5.2,47.6,33.9,12.7,42.0,23.7,53.8,41.0,58.9,73.0,85.1,8.5,32,37,24.5,6.6,23.3
Nico Hoerner,663538,CHC,2023,0.311,0.083,0.313,4.2,63.2,62.2,2.674439986,26,2023,5,688,102,8.5,0.273,3.5,5.1,97.3,1.7,33.0,4.9,6.8,6.8,46.9,34.1,7.9,31.6,28.8,45.4,33.5,80.7,61.3,94.7,10.5,9,43,12.1,7.1,25.5
J.T. Realmuto,592663,PHI,2023,0.334,0.208,0.421,7.0,78.0,59.8,-0.6495560055,32,2023,7,540,102,0.8,0.254,3.88,12.2,101.3,11.2,42.7,13.2,6.4,-0.4,37.6,42.4,10.4,43.3,23.9,50.3,34.1,63.8,72.0,83.4,16.6,20,16,25.6,6.5,24.2
Bobby Witt Jr.,677951,KC,2023,0.369,0.239,0.427,7.2,83.6,62.3,5.293586135,23,2023,7,694,115,19.9,0.294,3.89,10.5,102.1,11.5,45.4,13.1,8.1,7.6,38.0,43.5,7.5,37.8,30.1,50.4,34.4,68.4,73.3,86.2,15.7,30,49,17.4,5.8,25.9
José Ramírez,608070,CLE,2023,0.359,0.182,0.375,6.3,71.3,54.6,0.6237154425,30,2023,6,691,123,21.4,0.299,3.78,6.7,100.1,7.0,40.3,10.3,5.7,2.4,34.7,42.8,6.3,51.1,18.9,46.6,30.9,75.0,70.3,92.5,18.0,24,28,10.6,10.6,26.3
Tyler Stephenson,663886,CIN,2023,0.314,0.154,0.385,9.4,75.0,63.8,-0.8777653429,26,2023,7,517,85,-12.2,0.243,3.97,10.9,100.0,7.6,43.2,13.7,2.7,-2.3,48.6,28.7,6.8,39.9,27.2,42.6,27.5,56.4,63.3,85.0,8.9,13,0,26.1,9.1,24.5
Bo Bichette,666182,TOR,2023,0.363,0.19,0.434,6.1,85.6,62.9,0.009436113976,25,2023,2,601,125,16.3,0.312,3.7,10.3,101.7,9.6,44.9,16.5,3.6,-1.4,46.1,26.5,10.0,27.0,40.6,56.6,40.8,69.4,78.4,90.7,6.1,20,5,19.1,4.5,30.9
Nick Castellanos,592206,PHI,2023,0.32,0.185,0.42,7.4,86.7,69.0,-3.070637865,31,2023,4,671,109,4.6,0.258,3.62,18.7,100.4,10.3,43.0,17.6,4.4,-2.8,41.2,36.9,7.6,47.9,22.8,56.2,42.8,49.6,77.7,81.5,14.4,29,11,27.6,5.4,24.4
Max Muncy,571970,LAD,2023,0.364,0.269,0.443,8.4,65.7,58.7,0.6007012827,32,2023,8,579,118,12.0,0.235,4.29,11.0,101.3,14.6,46.0,21.8,2.9,-1.1,33.4,49.3,4.5,53.1,18.5,39.2,26.0,57.8,59.6,81.4,21.7,36,1,26.4,14.7,18.5
J.P. Crawford,641487,SEA,2023,0.34,0.124,0.359,6.5,74.2,53.1,0.9113942973,28,2023,1,638,134,26.0,0.26,4.12,6.3,99.1,4.8,36.2,12.3,2.7,-0.1,39.1,37.7,5.0,43.0,22.0,38.5,21.9,69.9,60.4,90.3,15.1,19,2,19.6,14.7,28.0
Eddie Rosario,592696,ATL,2023,0.317,0.181,0.389,5.6,79.0,64.9,0.01237725102,31,2023,4,516,100,-2.1,0.254,3.7,15.7,98.6,9.5,35.1,15.6,3.7,-1.9,40.1,37.8,6.3,44.3,19.8,57.1,45.9,64.5,74.3,79.8,14.5,21,3,23.6,6.6,25.6
Amed Rosario,642708,MLB,2023,0.305,0.109,0.347,5.8,75.0,67.2,-0.6073778237,27,2023,2,545,88,-7.0,0.271,3.63,11.4,99.5,3.4,39.4,4.6,7.3,0.6,47.8,31.4,9.6,32.9,27.5,53.4,42.9,68.5,69.9,88.1,7.6,6,15,18.2,5.3,27.1
Elias Díaz,553869,COL,2023,0.296,0.131,0.351,4.3,81.3,62.7,-1.077517927,32,2023,4,526,81,-14.4,0.245,3.77,14.0,100.0,6.2,38.4,10.4,2.2,-1.9,46.8,36.0,5.2,42.7,22.0,54.8,39.8,60.6,78.3,85.2,12.7,14,1,22.4,6.5,25.3
Anthony Santander,623993,BAL,2023,0.319,0.189,0.378,8.4,72.2,62.7,-0.1572452019,28,2023,9,656,119,14.5,0.237,4.21,10.4,101.7,10.2,46.1,12.7,3.5,-0.7,35.0,49.7,4.5,46.1,21.2,49.1,37.7,70.8,67.8,85.9,20.2,28,5,23.2,8.4,19.6
Tommy Edman,669242,STL,2023,0.312,0.128,0.338,5.7,76.9,61.9,0.02588380067,28,2023,10,528,92,-2.2,0.262,3.43,6.6,99.5,5.0,38.6,10.2,7.2,2.8,51.0,32.2,7.9,43.0,20.7,45.6,31.1,71.6,63.6,94.1,7.5,13,27,15.9,6.6,20.1
Steven Kwan,680757,CLE,2023,0.317,0.076,0.311,2.8,65.4,61.9,2.817274786,25,2023,5,718,100,4.4,0.282,3.96,3.9,94.1,1.1,18.8,3.0,6.3,4.3,45.0,29.7,5.5,30.0,31.4,41.0,24.8,79.7,60.4,95.7,10.7,5,21,10.4,9.7,28.8
Alex Verdugo,657077,BOS,2023,0.331,0.139,0.358,6.3,69.3,58.4,0.8394789199,27,2023,10,602,98,-1.9,0.278,3.93,5.6,99.1,5.0,37.6,8.4,4.8,-0.5,45.2,33.8,4.8,38.2,24.5,40.8,25.2,70.2,58.6,94.3,8.8,13,5,15.4,7.5,27.1
Josh Jung,673962,TEX,2023,0.337,0.222,0.453,7.9,77.4,66.8,-1.499534249,25,2023,4,515,110,2.9,0.26,3.84,13.7,101.6,11.9,47.1,17.8,3.0,-3.4,36.5,39.2,5.0,36.8,23.4,51.9,36.1,58.4,74.2,84.0,15.0,23,1,29.3,5.8,29.5
Michael Harris II,671739,ATL,2023,0.357,0.186,0.421,5.9,75.5,62.5,3.586707453,22,2023,2,539,115,14.8,0.304,3.63,11.6,103.6,10.1,48.5,14.5,6.1,4.9,47.2,30.6,3.1,35.8,27.2,52.7,41.6,68.3,68.2,86.2,7.6,18,20,18.7,4.6,28.2
Adolis García,666969,TEX,2023,0.366,0.276,0.471,8.5,79.0,57.6,1.08647091,30,2023,3,632,124,19.7,0.25,4.05,14.4,102.9,16.1,49.7,21.5,4.5,1.4,36.8,46.9,10.6,42.5,23.1,48.6,33.0,58.5,74.3,78.9,15.7,39,9,27.7,10.3,20.5
Brandon Nimmo,607043,NYM,2023,0.352,0.193,0.4,6.4,73.0,62.5,-1.281465703,30,2023,6,682,130,22.1,0.261,4.17,8.1,101.5,9.5,47.7,13.6,4.0,-3.4,41.0,39.2,6.5,34.2,31.9,42.3,24.0,64.8,64.5,88.1,12.2,24,3,21.4,10.9,25.5
Christian Yelich,592885,MIL,2023,0.362,0.176,0.425,6.1,84.4,58.0,4.246995212,31,2023,7,632,122,24.3,0.284,4.05,10.9,103.2,9.3,49.9,20.2,6.0,7.2,57.3,22.9,5.1,35.3,29.7,45.0,28.0,59.7,70.3,85.3,3.5,19,28,22.2,12.3,22.4
Trea Turner,607208,PHI,2023,0.33,0.181,0.394,6.9,83.2,64.9,4.562342624,30,2023,4,691,108,16.2,0.266,3.87,14.9,100.3,8.4,42.2,13.5,7.4,9.4,39.6,39.4,11.9,39.6,23.5,53.1,38.3,55.9,76.6,84.6,13.0,26,30,21.7,6.5,23.7
CJ Abrams,682928,WSH,2023,0.304,0.152,0.345,7.5,79.7,64.4,2.489229121,22,2023,2,614,90,1.7,0.247,3.6,10.3,98.8,6.9,35.7,10.7,8.4,9.2,43.7,38.1,8.8,37.5,23.7,53.0,38.6,70.0,72.3,87.9,13.5,18,47,19.2,5.2,20.6
Kyle Schwarber,656941,PHI,2023,0.364,0.266,0.46,6.7,64.5,57.1,-2.317239018,30,2023,8,720,119,12.7,0.22,4.26,11.2,103.4,16.4,48.5,25.5,2.2,-4.5,34.4,49.5,0.8,53.9,14.8,37.6,24.1,54.2,57.3,80.2,19.0,47,0,29.9,17.5,20.1
MJ Melendez,669004,KC,2023,0.325,0.197,0.411,8.2,86.7,64.8,2.046926133,24,2023,3,602,92,-5.4,0.235,4.05,15.0,101.4,11.4,49.6,10.0,4.5,0.5,36.0,43.6,6.1,45.8,21.8,47.8,29.8,54.3,72.4,76.8,16.9,16,6,28.2,10.3,25.3
Xander Bogaerts,593428,SD,2023,0.318,0.146,0.341,4.5,63.7,60.3,-0.6331603218,30,2023,10,665,120,17.5,0.255,3.98,8.1,98.5,6.1,34.4,11.7,5.2,0.9,50.4,32.9,12.1,40.2,28.3,42.6,28.6,68.6,60.3,88.3,7.9,19,19,16.5,8.4,21.1
Seiya Suzuki,673548,CHC,2023,0.357,0.187,0.425,8.2,73.2,60.0,0.9218076045,28,2023,6,583,126,17.1,0.283,4.19,7.9,102.2,10.5,48.0,14.8,4.5,-2.0,43.1,34.4,11.2,39.8,22.5,40.9,23.5,68.6,62.4,86.5,10.8,20,6,22.3,10.1,28.6
LaMonte Wade Jr.,664774,SF,2023,0.36,0.189,0.382,5.8,71.4,59.1,-0.6929317067,29,2023,1,519,122,12.4,0.265,4.05,7.7,99.5,9.1,39.8,12.3,3.4,-1.5,38.0,41.3,5.5,43.3,25.2,39.0,20.7,60.8,65.2,89.2,17.5,17,2,18.3,14.6,23.7
Francisco Lindor,596019,NYM,2023,0.346,0.202,0.388,7.2,76.5,60.5,0.4912729207,29,2023,6,687,121,21.9,0.255,3.99,9.9,100.8,10.4,43.9,14.4,6.4,3.7,34.1,45.8,5.0,46.8,19.9,48.1,30.5,66.1,73.0,87.3,19.2,31,31,19.9,9.6,24.2
Triston Casas,671213,BOS,2023,0.37,0.246,0.449,7.5,80.8,53.8,-1.923813672,23,2023,9,502,129,14.8,0.253,4.11,11.0,102.6,13.1,46.2,18.6,2.2,-3.0,36.7,42.3,4.5,38.7,20.7,43.6,26.0,64.3,68.6,80.3,15.7,24,0,25.1,13.9,25.6
Shohei Ohtani,660271,LAA,2023,0.427,0.343,0.543,6.4,73.9,57.9,2.136771769,28,2023,3,599,180,59.6,0.295,3.87,13.9,105.7,19.3,53.3,31.2,6.6,2.5,42.3,39.5,7.3,38.9,24.9,48.0,33.3,56.5,70.7,81.4,13.2,44,20,23.9,15.2,22.7
Christian Walker,572233,AZ,2023,0.339,0.21,0.38,6.0,77.6,60.4,0.1022653255,32,2023,3,661,120,17.8,0.251,4.04,11.9,100.6,11.2,40.1,15.9,4.8,1.2,38.2,44.9,4.0,42.8,24.0,48.5,30.4,58.7,74.0,85.2,15.8,33,11,19.2,9.4,19.4
Brandon Drury,592273,LAA,2023,0.318,0.188,0.405,7.6,82.1,62.7,-1.212692569,30,2023,4,523,114,6.0,0.252,3.75,14.5,101.8,11.0,46.3,19.1,2.9,-2.8,42.4,38.4,6.7,41.5,22.9,51.7,38.3,56.4,70.6,84.0,11.8,26,0,26.0,4.8,24.6
Lourdes Gurriel Jr.,666971,AZ,2023,0.324,0.175,0.367,6.9,76.8,62.1,0.05695218734,29,2023,7,592,106,4.3,0.264,3.74,8.1,99.9,8.4,46.0,15.0,3.9,0.1,43.1,35.6,5.7,40.0,25.1,49.0,33.4,69.9,70.0,92.3,10.6,24,5,17.4,5.6,26.7
Ryan McMahon,641857,COL,2023,0.335,0.201,0.452,6.4,80.7,61.8,-0.8490494669,28,2023,7,627,88,-12.4,0.245,4.37,14.2,102.0,11.4,44.2,19.2,3.9,-3.1,43.3,33.5,7.7,34.7,27.8,47.2,30.1,58.7,69.0,76.2,9.7,23,5,31.6,10.8,26.1
Masataka Yoshida,807799,BOS,2023,0.325,0.153,0.35,3.9,68.6,59.5,-2.429753059,29,2023,10,580,109,4.7,0.273,3.79,7.3,100.1,6.6,40.6,12.2,4.9,-1.9,54.6,26.9,8.8,36.5,28.4,43.3,29.3,73.4,59.9,88.7,3.9,15,8,14.0,5.9,21.4
Orlando Arcia,606115,ATL,2023,0.307,0.152,0.345,4.6,75.7,63.2,-1.49497724,28,2023,7,533,99,-2.9,0.247,4,10.4,99.2,6.9,40.9,14.8,2.3,-2.3,53.7,29.6,6.2,43.2,22.6,46.1,28.8,64.3,68.8,84.4,5.4,17,1,19.1,7.3,19.5
Corey Seager,608369,TEX,2023,0.412,0.298,0.472,11.4,95.9,62.0,-1.824824803,29,2023,4,536,169,41.4,0.314,3.44,12.6,103.5,15.2,53.2,21.0,2.4,-2.8,40.0,39.7,5.7,41.5,24.1,55.2,33.6,55.1,85.5,89.5,13.0,33,2,16.4,9.1,27.1
Lars Nootbaar,663457,STL,2023,0.356,0.171,0.39,5.4,67.5,55.3,1.174016199,25,2023,1,503,118,13.2,0.265,4.12,5.8,100.3,8.8,37.8,13.6,4.9,1.8,49.7,31.4,4.3,34.7,24.5,35.3,20.4,72.3,54.5,89.1,7.2,14,11,19.7,14.3,22.4
Ozzie Albies,645277,ATL,2023,0.34,0.201,0.375,10.5,88.2,56.8,2.272937259,26,2023,7,660,124,22.9,0.266,3.88,10.0,98.7,8.2,38.9,15.6,5.9,3.3,37.8,42.5,4.8,54.5,15.3,54.6,38.8,69.7,79.5,90.6,16.5,33,13,16.2,7.0,23.7
Maikel Garcia,672580,KC,2023,0.319,0.119,0.38,9.4,74.3,64.5,0.7517688203,23,2023,10,515,84,-8.6,0.274,3.86,7.7,101.5,3.9,50.6,4.1,6.3,1.3,48.0,27.4,7.0,33.1,27.5,42.9,24.4,69.8,65.7,87.7,6.1,4,23,22.3,7.4,29.2
Jorge Soler,624585,MIA,2023,0.374,0.27,0.458,10.4,79.6,56.7,-2.021535779,31,2023,9,580,126,16.2,0.262,3.99,11.0,103.1,15.0,48.0,21.2,1.8,-2.9,35.7,46.3,3.8,46.3,18.5,44.2,29.2,60.1,68.7,85.4,17.8,36,1,24.3,11.4,24.0
Anthony Volpe,683011,NYY,2023,0.308,0.163,0.385,7.7,75.4,62.6,1.642430898,22,2023,7,601,84,-7.9,0.23,3.89,12.5,99.5,9.0,42.7,15.2,6.2,3.4,41.1,37.1,5.9,45.6,22.0,47.6,32.0,57.7,68.5,83.9,14.2,21,24,27.8,8.7,24.9
Carlos Correa,621043,MIN,2023,0.33,0.168,0.385,7.0,65.2,60.4,-1.916415619,28,2023,6,580,96,-5.5,0.253,3.89,9.9,102.5,9.6,45.9,13.7,1.9,-2.9,45.9,33.9,3.4,38.6,25.9,43.6,30.1,63.8,63.8,86.9,10.6,18,0,22.6,10.2,24.9
Austin Hays,669720,BAL,2023,0.309,0.178,0.381,7.6,72.0,62.8,-0.8763953439,27,2023,7,566,112,6.9,0.242,3.75,12.3,100.5,8.9,40.1,11.0,4.3,-1.3,45.1,38.0,7.5,40.6,24.2,46.5,33.6,55.9,65.3,86.7,10.4,16,5,24.9,6.7,20.3
Will Smith,669257,LAD,2023,0.35,0.173,0.361,9.3,79.4,58.9,-0.5089249675,28,2023,6,554,119,11.7,0.262,4.14,7.8,99.6,6.7,41.3,11.2,4.0,-1.1,37.2,43.9,9.0,37.7,27.9,45.7,28.4,77.1,70.2,86.1,15.6,19,3,16.1,11.4,24.0
Jake Burger,669394,MLB,2023,0.359,0.242,0.469,6.9,82.5,62.6,0.2402514711,27,2023,4,540,120,12.7,0.27,3.79,17.1,105.0,16.7,49.3,25.4,2.5,-0.8,42.9,38.6,5.4,49.0,18.2,54.0,41.3,50.6,72.2,82.6,12.3,34,1,27.6,5.9,25.1
Corbin Carroll,682998,AZ,2023,0.344,0.173,0.386,7.8,78.3,57.9,4.844880388,22,2023,10,645,133,38.7,0.268,3.77,8.9,101.0,7.6,40.9,15.4,9.3,12.3,43.9,37.1,7.3,42.7,24.2,45.5,30.5,68.2,67.0,88.5,11.0,25,54,19.4,8.8,23.3
Mookie Betts,605141,LAD,2023,0.407,0.268,0.437,11.2,74.2,59.5,0.6649346144,30,2023,1,693,167,58.0,0.294,3.91,5.8,100.9,12.5,48.1,16.7,4.7,0.7,27.8,48.5,6.7,46.3,18.3,38.1,20.0,64.3,63.0,93.9,20.6,39,14,15.4,13.9,29.3
Spencer Steer,668715,CIN,2023,0.333,0.165,0.373,6.5,73.5,59.4,-0.9500392888,25,2023,6,665,118,14.2,0.252,4.04,9.5,99.2,6.7,37.1,12.0,4.7,-0.5,37.6,43.0,7.1,43.6,24.2,43.8,27.7,65.9,65.1,85.3,15.3,23,15,20.9,10.2,24.6
Nolan Arenado,571448,STL,2023,0.32,0.17,0.358,6.0,73.4,58.3,-0.3985229086,32,2023,6,612,107,3.1,0.266,3.73,9.1,99.3,7.3,38.1,13.8,2.9,-2.1,38.8,40.5,6.6,50.1,19.5,48.5,36.8,68.9,67.1,91.9,16.9,26,3,16.5,6.7,24.0
Dominic Smith,642086,WSH,2023,0.32,0.141,0.338,3.7,75.9,64.6,-4.485632873,28,2023,10,586,90,-13.0,0.256,3.77,9.0,97.2,6.6,30.8,7.3,2.2,-5.9,42.5,37.4,6.5,38.4,26.5,49.0,33.9,73.0,69.7,87.5,12.8,12,1,15.5,8.0,26.3
Salvador Perez,521692,KC,2023,0.325,0.194,0.407,9.7,74.5,64.0,-4.245901803,33,2023,4,580,86,-14.7,0.266,3.55,17.0,101.4,8.7,43.6,13.7,1.2,-5.2,36.3,40.9,2.7,43.6,23.1,60.1,49.5,60.2,77.5,83.9,15.6,23,0,23.3,3.3,26.3
Austin Riley,663586,ATL,2023,0.365,0.243,0.452,7.8,76.9,61.2,1.795046576,26,2023,3,715,127,24.5,0.273,4,12.4,103.4,13.9,48.8,19.4,4.1,0.7,41.3,40.2,9.7,41.1,23.2,48.2,31.0,59.6,71.9,83.1,13.5,37,3,24.1,8.3,23.8
Andrés Giménez,665926,CLE,2023,0.297,0.122,0.327,4.2,76.8,59.8,1.749787468,24,2023,2,616,97,2.2,0.245,3.81,12.4,96.7,5.5,27.0,9.2,7.0,4.1,45.3,37.3,8.1,43.1,24.6,53.9,42.7,68.9,70.4,84.4,13.1,15,30,18.2,5.2,21.9
Adley Rutschman,668939,BAL,2023,0.373,0.177,0.391,6.5,65.3,56.5,0.2773850475,25,2023,1,687,127,20.4,0.292,4.23,5.6,99.6,7.5,38.4,11.8,1.8,-1.9,42.3,34.6,6.7,38.4,29.3,41.0,27.0,77.1,62.0,92.4,12.6,20,1,14.7,13.4,26.4
Isaac Paredes,670623,TB,2023,0.315,0.139,0.322,5.9,71.7,58.7,-0.9941143965,24,2023,1,571,137,23.2,0.23,4.14,7.9,96.4,5.9,28.3,16.9,1.9,-1.9,31.9,47.0,6.5,54.5,18.0,45.7,32.0,71.6,67.8,91.3,22.2,31,1,18.2,10.2,24.9
Spencer Torkelson,679529,DET,2023,0.349,0.233,0.428,7.0,77.3,60.6,0.6002756298,23,2023,9,684,107,5.4,0.253,4.11,10.3,102.7,14.1,50.5,15.0,3.3,0.1,34.5,46.8,7.9,47.7,23.9,46.3,27.7,62.1,70.2,85.5,17.1,31,3,25.0,9.8,24.5
Bryson Stott,681082,PHI,2023,0.309,0.119,0.336,5.3,65.6,60.3,1.26283158,25,2023,10,640,101,5.8,0.267,4.16,6.0,97.4,4.7,35.2,9.4,6.0,5.0,46.4,32.7,7.5,33.0,32.2,44.5,32.3,80.3,58.9,90.7,10.2,15,31,15.6,6.1,25.3
Bryan Reynolds,668804,PIT,2023,0.36,0.211,0.427,6.6,86.7,56.9,0.5317594748,28,2023,7,640,110,9.4,0.28,3.94,12.5,101.0,11.1,47.1,16.4,5.8,1.4,43.0,33.0,5.8,39.4,27.4,47.4,30.2,55.0,75.1,85.8,10.9,24,12,21.6,8.3,24.0
Ketel Marte,606466,AZ,2023,0.342,0.161,0.365,6.0,75.7,60.2,0.534414487,29,2023,6,650,127,21.6,0.266,3.82,8.5,101.6,8.0,42.8,14.9,5.8,0.0,44.8,36.2,7.7,44.1,21.5,45.4,27.7,67.0,70.1,89.0,10.7,25,8,16.8,10.9,23.0
José Abreu,547989,HOU,2023,0.314,0.161,0.369,4.6,73.3,59.2,-1.085960553,36,2023,7,594,86,-12.1,0.248,4.04,12.1,100.8,8.7,41.6,11.9,2.0,-2.5,45.0,36.3,7.0,33.9,25.7,50.2,38.9,64.2,66.3,85.6,10.8,18,0,21.9,7.1,26.0
Ezequiel Tovar,678662,COL,2023,0.291,0.138,0.378,3.6,89.0,66.3,0.009099749756,21,2023,2,615,70,-23.5,0.248,3.72,17.1,99.0,8.1,35.7,10.6,5.5,-0.8,42.7,33.8,5.1,33.6,27.1,59.3,45.4,55.7,81.0,84.7,12.6,15,11,27.0,4.1,26.2
Carlos Santana,467793,MLB,2023,0.308,0.138,0.323,4.7,78.5,56.2,0.4417180399,37,2023,6,619,101,1.3,0.24,3.98,9.3,99.4,6.7,36.2,13.5,4.0,0.6,43.8,38.0,3.6,49.3,19.8,45.3,27.4,69.1,70.2,85.1,12.8,23,6,16.8,10.5,22.2
Alec Bohm,664761,PHI,2023,0.343,0.163,0.377,7.0,75.8,60.2,-2.538257493,26,2023,10,611,105,0.7,0.29,3.69,7.8,100.4,5.7,41.7,12.6,2.9,-3.3,42.3,33.8,3.5,30.2,29.4,49.9,34.3,74.6,70.1,90.7,11.1,20,4,15.4,6.9,28.5
Joey Meneses,608841,WSH,2023,0.288,0.115,0.329,5.0,71.8,62.4,-3.925555759,31,2023,7,657,96,-8.8,0.247,3.87,10.2,99.9,5.4,41.7,8.6,1.6,-5.2,48.6,31.2,8.9,41.9,28.3,47.6,34.3,64.4,67.1,89.2,9.4,13,0,19.8,5.8,25.8
Bryan De La Cruz,650559,MIA,2023,0.331,0.172,0.405,7.2,78.4,63.6,-3.036311788,26,2023,7,626,92,-10.2,0.273,3.94,13.4,100.3,8.8,42.4,12.0,2.5,-3.7,41.0,35.7,6.6,38.2,25.6,50.0,35.8,63.6,72.0,80.5,11.8,19,4,22.7,6.4,29.4
Yandy Díaz,650490,TB,2023,0.383,0.182,0.413,6.5,80.3,59.2,-2.500940588,31,2023,6,600,164,41.7,0.305,3.93,7.0,104.3,9.5,54.0,17.7,1.8,-4.4,52.0,28.6,8.0,31.4,27.5,42.6,22.8,68.1,68.5,90.1,5.7,22,0,15.7,10.8,23.8
Gleyber Torres,650402,NYY,2023,0.362,0.196,0.385,7.5,76.5,62.1,0.03772222486,26,2023,6,672,123,16.9,0.282,3.94,9.0,99.6,7.9,40.3,12.6,4.3,-1.3,39.2,39.6,6.6,36.6,25.1,46.7,29.5,68.7,71.1,87.8,15.1,25,13,14.6,10.0,24.8
James Outman,681546,LAD,2023,0.325,0.167,0.42,3.9,82.6,57.5,2.688392233,26,2023,3,567,118,16.3,0.228,4.15,15.3,100.0,11.1,39.5,18.4,6.2,3.4,37.5,41.1,9.6,49.0,21.9,45.9,28.1,45.6,71.7,78.4,15.7,23,16,31.9,12.0,23.2
Hunter Renfroe,592669,MLB,2023,0.289,0.141,0.334,6.9,82.8,61.9,-0.7420835687,31,2023,7,548,92,-6.8,0.225,3.84,12.3,100.5,6.1,38.8,13.2,1.3,-1.6,42.6,40.2,4.4,49.2,18.4,50.9,36.4,62.5,72.6,85.8,15.0,20,0,22.8,8.0,21.8
Ronald Acuña Jr.,660670,ATL,2023,0.46,0.303,0.493,9.1,83.7,58.7,1.859232733,25,2023,7,735,170,72.9,0.357,3.79,7.8,106.4,15.3,55.0,24.0,7.3,8.8,49.5,30.4,8.3,39.7,24.7,46.2,26.8,73.8,72.8,87.8,7.4,41,73,11.4,10.9,26.2
Luis Robert Jr.,673357,CWS,2023,0.347,0.255,0.471,5.6,90.3,69.4,-1.626315773,25,2023,4,595,128,20.0,0.259,3.7,18.3,101.8,15.2,41.7,23.0,5.7,-0.1,36.4,43.9,10.2,46.8,22.9,58.1,43.3,51.9,79.9,81.9,16.1,38,20,28.9,5.0,24.7
Manny Machado,592518,SD,2023,0.332,0.204,0.372,7.7,77.9,62.3,-1.091087952,30,2023,7,601,114,8.2,0.258,3.8,11.0,102.4,10.5,45.9,15.3,2.3,-2.4,40.2,44.5,7.9,38.4,26.6,49.3,32.0,63.7,72.7,85.9,15.0,30,3,18.1,8.3,22.0
Andrew Benintendi,643217,CWS,2023,0.31,0.105,0.327,3.4,76.7,61.9,1.095194548,28,2023,10,621,87,-7.8,0.27,3.79,8.4,95.5,2.9,26.8,3.0,5.0,1.7,39.1,34.7,4.3,32.5,29.4,48.8,31.8,75.1,70.9,87.2,14.5,5,13,14.3,8.4,28.5
Jonathan India,663697,CIN,2023,0.339,0.172,0.374,7.7,67.9,58.8,1.74095704,26,2023,1,529,99,2.3,0.252,4.17,7.8,99.7,7.7,38.4,12.2,5.0,2.6,38.9,39.5,8.8,42.9,26.1,38.6,22.2,62.7,59.6,87.8,15.3,17,14,20.6,9.8,24.7
DJ LeMahieu,518934,NYY,2023,0.322,0.138,0.369,6.4,63.8,60.6,-2.933807968,34,2023,10,562,101,-3.7,0.255,4.01,6.8,100.3,5.9,43.1,15.5,3.0,-4.4,55.0,26.0,3.9,34.5,28.1,39.2,25.9,70.3,55.9,89.8,3.8,15,2,22.2,10.7,22.5
Andrew Vaughn,683734,CWS,2023,0.319,0.176,0.371,7.3,70.2,62.8,-3.420491499,25,2023,7,615,103,-2.4,0.252,3.77,10.4,101.7,8.4,46.5,13.3,2.1,-4.5,44.4,36.0,8.2,39.4,26.9,47.5,34.9,64.0,66.6,89.4,11.2,21,0,21.0,5.9,24.4
Pete Alonso,624413,NYM,2023,0.368,0.281,0.436,6.4,67.2,58.8,-0.005805899684,28,2023,9,658,121,16.8,0.246,3.9,10.3,102.3,14.7,39.9,22.9,3.8,-0.6,36.6,47.7,4.5,44.4,23.0,43.7,30.2,64.7,64.1,84.6,18.2,46,4,22.9,9.9,19.0
Willy Adames,642715,MIL,2023,0.335,0.196,0.406,4.1,78.1,60.6,0.3261725461,27,2023,3,638,94,-6.0,0.24,4.07,14.2,99.1,12.4,36.1,13.6,3.5,-1.0,36.0,44.7,4.9,46.5,17.8,49.9,35.6,56.5,73.7,83.5,18.2,24,5,25.9,11.1,22.3
Jack Suwinski,669261,PIT,2023,0.346,0.244,0.46,7.5,75.0,53.8,1.324306899,24,2023,8,534,112,10.4,0.218,4.27,10.9,102.2,15.7,43.4,17.3,5.1,2.1,27.9,53.6,12.8,41.6,21.7,38.9,22.0,52.7,62.5,81.4,22.4,26,13,32.2,14.0,23.1
Thairo Estrada,642731,SF,2023,0.292,0.123,0.35,3.7,73.4,65.8,1.169208215,27,2023,2,530,101,2.5,0.248,3.63,10.4,97.9,4.8,33.7,10.9,5.7,1.9,44.1,34.9,5.5,47.8,22.0,51.1,40.0,65.7,67.8,92.1,10.8,14,23,22.6,4.2,25.5
Jeff McNeil,643446,NYM,2023,0.294,0.09,0.285,5.7,85.1,63.4,-0.01199182582,31,2023,10,648,100,0.9,0.251,3.38,6.4,96.0,1.3,27.0,5.1,5.2,0.6,41.7,38.2,7.9,41.3,25.7,52.7,33.9,77.4,76.6,93.6,14.4,10,10,10.0,6.0,25.7
Ha-Seong Kim,673490,SD,2023,0.313,0.114,0.335,5.7,62.4,57.8,1.720789743,27,2023,1,626,112,13.1,0.245,4.36,6.0,96.6,4.3,26.2,10.5,5.1,4.2,40.5,38.8,10.7,45.1,20.8,38.5,23.0,76.3,57.2,88.2,13.6,17,38,19.8,12.0,24.3
Javier Báez,595879,DET,2023,0.279,0.121,0.334,7.0,65.0,63.6,0.7271894922,30,2023,2,547,61,-23.0,0.234,3.6,16.7,100.2,5.1,38.8,7.3,6.5,2.3,49.9,32.0,7.3,40.2,23.7,54.7,46.0,58.2,69.3,82.0,9.3,9,12,22.9,4.4,21.4
Matt Chapman,656305,TOR,2023,0.337,0.228,0.426,7.8,78.5,60.5,0.2917400609,30,2023,9,581,110,6.2,0.23,4.22,11.7,103.5,17.1,56.1,9.9,3.7,-0.8,35.0,49.4,9.9,39.3,23.4,43.3,22.5,59.8,69.2,78.3,18.5,17,4,28.4,10.7,23.1
William Contreras,661388,MIL,2023,0.335,0.179,0.379,6.2,73.1,60.9,-1.082766559,25,2023,7,611,124,16.9,0.255,3.96,11.1,103.2,9.4,48.4,14.2,4.0,-1.6,55.0,28.8,8.7,34.3,26.6,43.2,27.9,61.9,64.1,81.6,4.7,17,6,20.6,10.3,19.9
Leody Taveras,665750,TEX,2023,0.319,0.136,0.379,5.5,85.2,62.6,2.537631368,24,2023,2,554,98,1.1,0.27,3.8,11.0,100.6,7.2,42.4,10.4,5.3,2.7,44.2,33.7,4.5,30.2,29.9,49.1,32.3,62.1,71.6,86.9,10.2,14,14,21.1,6.3,26.4
TJ Friedl,670770,CIN,2023,0.289,0.082,0.296,2.2,68.7,60.7,4.293358871,27,2023,1,556,116,17.4,0.24,3.95,6.8,96.4,3.2,27.4,11.4,7.2,6.1,38.5,41.9,4.8,44.5,22.0,41.3,27.7,71.5,58.1,90.5,16.1,18,27,16.2,8.5,22.0
Vladimir Guerrero Jr.,665489,TOR,2023,0.378,0.204,0.408,6.1,78.0,62.1,-2.571372188,24,2023,7,682,118,10.5,0.299,3.58,10.8,104.1,11.1,49.2,14.5,2.4,-4.2,46.2,35.4,3.4,42.3,22.7,50.6,32.5,64.6,76.8,87.3,10.5,26,5,14.7,9.8,26.1
Bryce Harper,547180,PHI,2023,0.399,0.24,0.47,6.7,91.2,58.2,-0.02348417932,30,2023,4,546,142,28.2,0.29,3.7,16.0,103.8,15.2,46.8,20.4,4.3,-0.3,44.7,30.5,6.0,37.4,25.4,51.2,36.6,52.8,79.6,83.1,9.1,21,11,21.8,14.7,27.2
Matt Olson,621566,ATL,2023,0.392,0.294,0.47,9.2,81.4,55.9,1.441185328,29,2023,9,720,160,54.1,0.264,4.29,11.9,104.8,16.4,55.1,27.8,3.1,0.2,38.7,43.6,2.9,38.2,24.5,46.9,29.5,69.5,73.5,77.7,16.1,54,1,23.2,14.4,20.9
